KEY,FREQ,CURRENCY,CURRENCY_DENOM,EXR_TYPE,EXR_SUFFIX,TIME_PERIOD,OBS_VALUE,OBS_STATUS,OBS_CONF,OBS_PRE_BREAK,OBS_COM,TIME_FORMAT,BREAKS,COLLECTION,COMPILING_ORG,DISS_ORG,DOM_SER_IDS,PUBL_ECB,PUBL_MU,PUBL_PUBLIC,UNIT_INDEX_BASE,COMPILATION,COVERAGE,DECIMALS,NAT_TITLE,SOURCE_AGENCY,SOURCE_PUB,TITLE,TITLE_COMPL,UNIT,UNIT_MULT
EXR.D.RON.EUR.SP00.A,D,RON,EUR,SP00,A,2025-01-02,4.9743,A,F,,,P1D,,A,,,,,,,99Q1=100,"Before 1st July 2005 old Romanian leu (ROL) divided by 10,000 is used",,4,,4F0,,Romanian leu/Euro ECB reference exchange rate,"ECB reference exchange rate, Romanian leu/Euro, 2.15 pm (C.E.T.)",RON,0
EXR.D.RON.EUR.SP00.A,D,RON,EUR,SP00,A,2025-01-03,4.9752,A,F,,,P1D,,A,,,,,,,99Q1=100,"Before 1st July 2005 old Romanian leu (ROL) divided by 10,000 is used",,4,,4F0,,Romanian leu/Euro ECB reference exchange rate,"ECB reference exchange rate, Romanian leu/Euro, 2.15 pm (C.E.T.)",RON,0
EXR.D.RON.EUR.SP00.A,D,RON,EUR,SP00,A,2025-01-06,4.9747,A,F,,,P1D,,A,,,,,,,99Q1=100,"Before 1st July 2005 old Romanian leu (ROL) divided by 10,000 is used",,4,,4F0,,Romanian leu/Euro ECB reference exchange rate,"ECB reference exchange rate, Romanian leu/Euro, 2.15 pm (C.E.T.)",RON,0
EXR.D.RON.EUR.SP00.A,D,RON,EUR,SP00,A,2025-01-07,4.9744,A,F,,,P1D,,A,,,,,,,99Q1=100,"Before 1st July 2005 old Romanian leu (ROL) divided by 10,000 is used",,4,,4F0,,Romanian leu/Euro ECB reference exchange rate,"ECB reference exchange rate, Romanian leu/Euro, 2.15 pm (C.E.T.)",RON,0
EXR.D.RON.EUR.SP00.A,D,RON,EUR,SP00,A,2025-01-08,4.9739,A,F,,,P1D,,A,,,,,,,99Q1=100,"Before 1st July 2005 old Romanian leu (ROL) divided by 10,000 is used",,4,,4F0,,Romanian leu/Euro ECB reference exchange rate,"ECB reference exchange rate, Romanian leu/Euro, 2.15 pm (C.E.T.)",RON,0
EXR.D.RON.EUR.SP00.A,D,RON,EUR,SP00,A,2025-01-09,4.9734,A,F,,,P1D,,A,,,,,,,99Q1=100,"Before 1st July 2005 old Romanian leu (ROL) divided by 10,000 is used",,4,,4F0,,Romanian leu/Euro ECB reference exchange rate,"ECB reference exchange rate, Romanian leu/Euro, 2.15 pm (C.E.T.)",RON,0
EXR.D.RON.EUR.SP00.A,D,RON,EUR,SP00,A,2025-01-10,4.9735,A,F,,,P1D,,A,,,,,,,99Q1=100,"Before 1st July 2005 old Romanian leu (ROL) divided by 10,000 is used",,4,,4F0,,Romanian leu/Euro ECB reference exchange rate,"ECB reference exchange rate, Romanian leu/Euro, 2.15 pm (C.E.T.)",RON,0
EXR.D.RON.EUR.SP00.A,D,RON,EUR,SP00,A,2025-01-13,4.9731,A,F,,,P1D,,A,,,,,,,99Q1=100,"Before 1st July 2005 old Romanian leu (ROL) divided by 10,000 is used",,4,,4F0,,Romanian leu/Euro ECB reference exchange rate,"ECB reference exchange rate, Romanian leu/Euro, 2.15 pm (C.E.T.)",RON,0
EXR.D.RON.EUR.SP00.A,D,RON,EUR,SP00,A,2025-01-14,4.9749,A,F,,,P1D,,A,,,,,,,99Q1=100,"Before 1st July 2005 old Romanian leu (ROL) divided by 10,000 is used",,4,,4F0,,Romanian leu/Euro ECB reference exchange rate,"ECB reference exchange rate, Romanian leu/Euro, 2.15 pm (C.E.T.)",RON,0
EXR.D.RON.EUR.SP00.A,D,RON,EUR,SP00,A,2025-01-15,4.9742,A,F,,,P1D,,A,,,,,,,99Q1=100,"Before 1st July 2005 old Romanian leu (ROL) divided by 10,000 is used",,4,,4F0,,Romanian leu/Euro ECB reference exchange rate,"ECB reference exchange rate, Romanian leu/Euro, 2.15 pm (C.E.T.)",RON,0
EXR.D.RON.EUR.SP00.A,D,RON,EUR,SP00,A,2025-01-16,4.9754,A,F,,,P1D,,A,,,,,,,99Q1=100,"Before 1st July 2005 old Romanian leu (ROL) divided by 10,000 is used",,4,,4F0,,Romanian leu/Euro ECB reference exchange rate,"ECB reference exchange rate, Romanian leu/Euro, 2.15 pm (C.E.T.)",RON,0
EXR.D.RON.EUR.SP00.A,D,RON,EUR,SP00,A,2025-01-17,4.9765,A,F,,,P1D,,A,,,,,,,99Q1=100,"Before 1st July 2005 old Romanian leu (ROL) divided by 10,000 is used",,4,,4F0,,Romanian leu/Euro ECB reference exchange rate,"ECB reference exchange rate, Romanian leu/Euro, 2.15 pm (C.E.T.)",RON,0
EXR.D.RON.EUR.SP00.A,D,RON,EUR,SP00,A,2025-01-20,4.9769,A,F,,,P1D,,A,,,,,,,99Q1=100,"Before 1st July 2005 old Romanian leu (ROL) divided by 10,000 is used",,4,,4F0,,Romanian leu/Euro ECB reference exchange rate,"ECB reference exchange rate, Romanian leu/Euro, 2.15 pm (C.E.T.)",RON,0
EXR.D.RON.EUR.SP00.A,D,RON,EUR,SP00,A,2025-01-21,4.9768,A,F,,,P1D,,A,,,,,,,99Q1=100,"Before 1st July 2005 old Romanian leu (ROL) divided by 10,000 is used",,4,,4F0,,Romanian leu/Euro ECB reference exchange rate,"ECB reference exchange rate, Romanian leu/Euro, 2.15 pm (C.E.T.)",RON,0
EXR.D.RON.EUR.SP00.A,D,RON,EUR,SP00,A,2025-01-22,4.9768,A,F,,,P1D,,A,,,,,,,99Q1=100,"Before 1st July 2005 old Romanian leu (ROL) divided by 10,000 is used",,4,,4F0,,Romanian leu/Euro ECB reference exchange rate,"ECB reference exchange rate, Romanian leu/Euro, 2.15 pm (C.E.T.)",RON,0
EXR.D.RON.EUR.SP00.A,D,RON,EUR,SP00,A,2025-01-23,4.9763,A,F,,,P1D,,A,,,,,,,99Q1=100,"Before 1st July 2005 old Romanian leu (ROL) divided by 10,000 is used",,4,,4F0,,Romanian leu/Euro ECB reference exchange rate,"ECB reference exchange rate, Romanian leu/Euro, 2.15 pm (C.E.T.)",RON,0
EXR.D.RON.EUR.SP00.A,D,RON,EUR,SP00,A,2025-01-24,4.9761,A,F,,,P1D,,A,,,,,,,99Q1=100,"Before 1st July 2005 old Romanian leu (ROL) divided by 10,000 is used",,4,,4F0,,Romanian leu/Euro ECB reference exchange rate,"ECB reference exchange rate, Romanian leu/Euro, 2.15 pm (C.E.T.)",RON,0
EXR.D.RON.EUR.SP00.A,D,RON,EUR,SP00,A,2025-01-27,4.975,A,F,,,P1D,,A,,,,,,,99Q1=100,"Before 1st July 2005 old Romanian leu (ROL) divided by 10,000 is used",,4,,4F0,,Romanian leu/Euro ECB reference exchange rate,"ECB reference exchange rate, Romanian leu/Euro, 2.15 pm (C.E.T.)",RON,0
EXR.D.RON.EUR.SP00.A,D,RON,EUR,SP00,A,2025-01-28,4.9749,A,F,,,P1D,,A,,,,,,,99Q1=100,"Before 1st July 2005 old Romanian leu (ROL) divided by 10,000 is used",,4,,4F0,,Romanian leu/Euro ECB reference exchange rate,"ECB reference exchange rate, Romanian leu/Euro, 2.15 pm (C.E.T.)",RON,0
EXR.D.RON.EUR.SP00.A,D,RON,EUR,SP00,A,2025-01-29,4.9753,A,F,,,P1D,,A,,,,,,,99Q1=100,"Before 1st July 2005 old Romanian leu (ROL) divided by 10,000 is used",,4,,4F0,,Romanian leu/Euro ECB reference exchange rate,"ECB reference exchange rate, Romanian leu/Euro, 2.15 pm (C.E.T.)",RON,0
EXR.D.RON.EUR.SP00.A,D,RON,EUR,SP00,A,2025-01-30,4.9758,A,F,,,P1D,,A,,,,,,,99Q1=100,"Before 1st July 2005 old Romanian leu (ROL) divided by 10,000 is used",,4,,4F0,,Romanian leu/Euro ECB reference exchange rate,"ECB reference exchange rate, Romanian leu/Euro, 2.15 pm (C.E.T.)",RON,0
EXR.D.RON.EUR.SP00.A,D,RON,EUR,SP00,A,2025-01-31,4.9767,A,F,,,P1D,,A,,,,,,,99Q1=100,"Before 1st July 2005 old Romanian leu (ROL) divided by 10,000 is used",,4,,4F0,,Romanian leu/Euro ECB reference exchange rate,"ECB reference exchange rate, Romanian leu/Euro, 2.15 pm (C.E.T.)",RON,0
EXR.D.RON.EUR.SP00.A,D,RON,EUR,SP00,A,2025-02-03,4.9769,A,F,,,P1D,,A,,,,,,,99Q1=100,"Before 1st July 2005 old Romanian leu (ROL) divided by 10,000 is used",,4,,4F0,,Romanian leu/Euro ECB reference exchange rate,"ECB reference exchange rate, Romanian leu/Euro, 2.15 pm (C.E.T.)",RON,0
EXR.D.RON.EUR.SP00.A,D,RON,EUR,SP00,A,2025-02-04,4.9769,A,F,,,P1D,,A,,,,,,,99Q1=100,"Before 1st July 2005 old Romanian leu (ROL) divided by 10,000 is used",,4,,4F0,,Romanian leu/Euro ECB reference exchange rate,"ECB reference exchange rate, Romanian leu/Euro, 2.15 pm (C.E.T.)",RON,0
EXR.D.RON.EUR.SP00.A,D,RON,EUR,SP00,A,2025-02-05,4.9766,A,F,,,P1D,,A,,,,,,,99Q1=100,"Before 1st July 2005 old Romanian leu (ROL) divided by 10,000 is used",,4,,4F0,,Romanian leu/Euro ECB reference exchange rate,"ECB reference exchange rate, Romanian leu/Euro, 2.15 pm (C.E.T.)",RON,0
EXR.D.RON.EUR.SP00.A,D,RON,EUR,SP00,A,2025-02-06,4.9767,A,F,,,P1D,,A,,,,,,,99Q1=100,"Before 1st July 2005 old Romanian leu (ROL) divided by 10,000 is used",,4,,4F0,,Romanian leu/Euro ECB reference exchange rate,"ECB reference exchange rate, Romanian leu/Euro, 2.15 pm (C.E.T.)",RON,0
EXR.D.RON.EUR.SP00.A,D,RON,EUR,SP00,A,2025-02-07,4.9768,A,F,,,P1D,,A,,,,,,,99Q1=100,"Before 1st July 2005 old Romanian leu (ROL) divided by 10,000 is used",,4,,4F0,,Romanian leu/Euro ECB reference exchange rate,"ECB reference exchange rate, Romanian leu/Euro, 2.15 pm (C.E.T.)",RON,0
EXR.D.RON.EUR.SP00.A,D,RON,EUR,SP00,A,2025-02-10,4.9769,A,F,,,P1D,,A,,,,,,,99Q1=100,"Before 1st July 2005 old Romanian leu (ROL) divided by 10,000 is used",,4,,4F0,,Romanian leu/Euro ECB reference exchange rate,"ECB reference exchange rate, Romanian leu/Euro, 2.15 pm (C.E.T.)",RON,0
EXR.D.RON.EUR.SP00.A,D,RON,EUR,SP00,A,2025-02-11,4.9769,A,F,,,P1D,,A,,,,,,,99Q1=100,"Before 1st July 2005 old Romanian leu (ROL) divided by 10,000 is used",,4,,4F0,,Romanian leu/Euro ECB reference exchange rate,"ECB reference exchange rate, Romanian leu/Euro, 2.15 pm (C.E.T.)",RON,0
EXR.D.RON.EUR.SP00.A,D,RON,EUR,SP00,A,2025-02-12,4.9767,A,F,,,P1D,,A,,,,,,,99Q1=100,"Before 1st July 2005 old Romanian leu (ROL) divided by 10,000 is used",,4,,4F0,,Romanian leu/Euro ECB reference exchange rate,"ECB reference exchange rate, Romanian leu/Euro, 2.15 pm (C.E.T.)",RON,0
EXR.D.RON.EUR.SP00.A,D,RON,EUR,SP00,A,2025-02-13,4.9771,A,F,,,P1D,,A,,,,,,,99Q1=100,"Before 1st July 2005 old Romanian leu (ROL) divided by 10,000 is used",,4,,4F0,,Romanian leu/Euro ECB reference exchange rate,"ECB reference exchange rate, Romanian leu/Euro, 2.15 pm (C.E.T.)",RON,0
EXR.D.RON.EUR.SP00.A,D,RON,EUR,SP00,A,2025-02-14,4.977,A,F,,,P1D,,A,,,,,,,99Q1=100,"Before 1st July 2005 old Romanian leu (ROL) divided by 10,000 is used",,4,,4F0,,Romanian leu/Euro ECB reference exchange rate,"ECB reference exchange rate, Romanian leu/Euro, 2.15 pm (C.E.T.)",RON,0
EXR.D.RON.EUR.SP00.A,D,RON,EUR,SP00,A,2025-02-17,4.977,A,F,,,P1D,,A,,,,,,,99Q1=100,"Before 1st July 2005 old Romanian leu (ROL) divided by 10,000 is used",,4,,4F0,,Romanian leu/Euro ECB reference exchange rate,"ECB reference exchange rate, Romanian leu/Euro, 2.15 pm (C.E.T.)",RON,0
EXR.D.RON.EUR.SP00.A,D,RON,EUR,SP00,A,2025-02-18,4.9773,A,F,,,P1D,,A,,,,,,,99Q1=100,"Before 1st July 2005 old Romanian leu (ROL) divided by 10,000 is used",,4,,4F0,,Romanian leu/Euro ECB reference exchange rate,"ECB reference exchange rate, Romanian leu/Euro, 2.15 pm (C.E.T.)",RON,0
EXR.D.RON.EUR.SP00.A,D,RON,EUR,SP00,A,2025-02-19,4.9774,A,F,,,P1D,,A,,,,,,,99Q1=100,"Before 1st July 2005 old Romanian leu (ROL) divided by 10,000 is used",,4,,4F0,,Romanian leu/Euro ECB reference exchange rate,"ECB reference exchange rate, Romanian leu/Euro, 2.15 pm (C.E.T.)",RON,0
EXR.D.RON.EUR.SP00.A,D,RON,EUR,SP00,A,2025-02-20,4.9778,A,F,,,P1D,,A,,,,,,,99Q1=100,"Before 1st July 2005 old Romanian leu (ROL) divided by 10,000 is used",,4,,4F0,,Romanian leu/Euro ECB reference exchange rate,"ECB reference exchange rate, Romanian leu/Euro, 2.15 pm (C.E.T.)",RON,0
EXR.D.RON.EUR.SP00.A,D,RON,EUR,SP00,A,2025-02-21,4.9773,A,F,,,P1D,,A,,,,,,,99Q1=100,"Before 1st July 2005 old Romanian leu (ROL) divided by 10,000 is used",,4,,4F0,,Romanian leu/Euro ECB reference exchange rate,"ECB reference exchange rate, Romanian leu/Euro, 2.15 pm (C.E.T.)",RON,0
EXR.D.RON.EUR.SP00.A,D,RON,EUR,SP00,A,2025-02-24,4.9772,A,F,,,P1D,,A,,,,,,,99Q1=100,"Before 1st July 2005 old Romanian leu (ROL) divided by 10,000 is used",,4,,4F0,,Romanian leu/Euro ECB reference exchange rate,"ECB reference exchange rate, Romanian leu/Euro, 2.15 pm (C.E.T.)",RON,0
EXR.D.RON.EUR.SP00.A,D,RON,EUR,SP00,A,2025-02-25,4.9774,A,F,,,P1D,,A,,,,,,,99Q1=100,"Before 1st July 2005 old Romanian leu (ROL) divided by 10,000 is used",,4,,4F0,,Romanian leu/Euro ECB reference exchange rate,"ECB reference exchange rate, Romanian leu/Euro, 2.15 pm (C.E.T.)",RON,0
EXR.D.RON.EUR.SP00.A,D,RON,EUR,SP00,A,2025-02-26,4.9773,A,F,,,P1D,,A,,,,,,,99Q1=100,"Before 1st July 2005 old Romanian leu (ROL) divided by 10,000 is used",,4,,4F0,,Romanian leu/Euro ECB reference exchange rate,"ECB reference exchange rate, Romanian leu/Euro, 2.15 pm (C.E.T.)",RON,0
EXR.D.RON.EUR.SP00.A,D,RON,EUR,SP00,A,2025-02-27,4.9763,A,F,,,P1D,,A,,,,,,,99Q1=100,"Before 1st July 2005 old Romanian leu (ROL) divided by 10,000 is used",,4,,4F0,,Romanian leu/Euro ECB reference exchange rate,"ECB reference exchange rate, Romanian leu/Euro, 2.15 pm (C.E.T.)",RON,0
EXR.D.RON.EUR.SP00.A,D,RON,EUR,SP00,A,2025-02-28,4.9768,A,F,,,P1D,,A,,,,,,,99Q1=100,"Before 1st July 2005 old Romanian leu (ROL) divided by 10,000 is used",,4,,4F0,,Romanian leu/Euro ECB reference exchange rate,"ECB reference exchange rate, Romanian leu/Euro, 2.15 pm (C.E.T.)",RON,0
EXR.D.RON.EUR.SP00.A,D,RON,EUR,SP00,A,2025-03-03,4.9773,A,F,,,P1D,,A,,,,,,,99Q1=100,"Before 1st July 2005 old Romanian leu (ROL) divided by 10,000 is used",,4,,4F0,,Romanian leu/Euro ECB reference exchange rate,"ECB reference exchange rate, Romanian leu/Euro, 2.15 pm (C.E.T.)",RON,0
EXR.D.RON.EUR.SP00.A,D,RON,EUR,SP00,A,2025-03-04,4.9769,A,F,,,P1D,,A,,,,,,,99Q1=100,"Before 1st July 2005 old Romanian leu (ROL) divided by 10,000 is used",,4,,4F0,,Romanian leu/Euro ECB reference exchange rate,"ECB reference exchange rate, Romanian leu/Euro, 2.15 pm (C.E.T.)",RON,0
EXR.D.RON.EUR.SP00.A,D,RON,EUR,SP00,A,2025-03-05,4.9758,A,F,,,P1D,,A,,,,,,,99Q1=100,"Before 1st July 2005 old Romanian leu (ROL) divided by 10,000 is used",,4,,4F0,,Romanian leu/Euro ECB reference exchange rate,"ECB reference exchange rate, Romanian leu/Euro, 2.15 pm (C.E.T.)",RON,0
EXR.D.RON.EUR.SP00.A,D,RON,EUR,SP00,A,2025-03-06,4.9754,A,F,,,P1D,,A,,,,,,,99Q1=100,"Before 1st July 2005 old Romanian leu (ROL) divided by 10,000 is used",,4,,4F0,,Romanian leu/Euro ECB reference exchange rate,"ECB reference exchange rate, Romanian leu/Euro, 2.15 pm (C.E.T.)",RON,0
EXR.D.RON.EUR.SP00.A,D,RON,EUR,SP00,A,2025-03-07,4.9757,A,F,,,P1D,,A,,,,,,,99Q1=100,"Before 1st July 2005 old Romanian leu (ROL) divided by 10,000 is used",,4,,4F0,,Romanian leu/Euro ECB reference exchange rate,"ECB reference exchange rate, Romanian leu/Euro, 2.15 pm (C.E.T.)",RON,0
EXR.D.RON.EUR.SP00.A,D,RON,EUR,SP00,A,2025-03-10,4.9765,A,F,,,P1D,,A,,,,,,,99Q1=100,"Before 1st July 2005 old Romanian leu (ROL) divided by 10,000 is used",,4,,4F0,,Romanian leu/Euro ECB reference exchange rate,"ECB reference exchange rate, Romanian leu/Euro, 2.15 pm (C.E.T.)",RON,0
EXR.D.RON.EUR.SP00.A,D,RON,EUR,SP00,A,2025-03-11,4.9771,A,F,,,P1D,,A,,,,,,,99Q1=100,"Before 1st July 2005 old Romanian leu (ROL) divided by 10,000 is used",,4,,4F0,,Romanian leu/Euro ECB reference exchange rate,"ECB reference exchange rate, Romanian leu/Euro, 2.15 pm (C.E.T.)",RON,0
EXR.D.RON.EUR.SP00.A,D,RON,EUR,SP00,A,2025-03-12,4.9774,A,F,,,P1D,,A,,,,,,,99Q1=100,"Before 1st July 2005 old Romanian leu (ROL) divided by 10,000 is used",,4,,4F0,,Romanian leu/Euro ECB reference exchange rate,"ECB reference exchange rate, Romanian leu/Euro, 2.15 pm (C.E.T.)",RON,0
EXR.D.RON.EUR.SP00.A,D,RON,EUR,SP00,A,2025-03-13,4.9775,A,F,,,P1D,,A,,,,,,,99Q1=100,"Before 1st July 2005 old Romanian leu (ROL) divided by 10,000 is used",,4,,4F0,,Romanian leu/Euro ECB reference exchange rate,"ECB reference exchange rate, Romanian leu/Euro, 2.15 pm (C.E.T.)",RON,0
EXR.D.RON.EUR.SP00.A,D,RON,EUR,SP00,A,2025-03-14,4.9768,A,F,,,P1D,,A,,,,,,,99Q1=100,"Before 1st July 2005 old Romanian leu (ROL) divided by 10,000 is used",,4,,4F0,,Romanian leu/Euro ECB reference exchange rate,"ECB reference exchange rate, Romanian leu/Euro, 2.15 pm (C.E.T.)",RON,0
EXR.D.RON.EUR.SP00.A,D,RON,EUR,SP00,A,2025-03-17,4.9775,A,F,,,P1D,,A,,,,,,,99Q1=100,"Before 1st July 2005 old Romanian leu (ROL) divided by 10,000 is used",,4,,4F0,,Romanian leu/Euro ECB reference exchange rate,"ECB reference exchange rate, Romanian leu/Euro, 2.15 pm (C.E.T.)",RON,0
EXR.D.RON.EUR.SP00.A,D,RON,EUR,SP00,A,2025-03-18,4.9774,A,F,,,P1D,,A,,,,,,,99Q1=100,"Before 1st July 2005 old Romanian leu (ROL) divided by 10,000 is used",,4,,4F0,,Romanian leu/Euro ECB reference exchange rate,"ECB reference exchange rate, Romanian leu/Euro, 2.15 pm (C.E.T.)",RON,0
EXR.D.RON.EUR.SP00.A,D,RON,EUR,SP00,A,2025-03-19,4.9773,A,F,,,P1D,,A,,,,,,,99Q1=100,"Before 1st July 2005 old Romanian leu (ROL) divided by 10,000 is used",,4,,4F0,,Romanian leu/Euro ECB reference exchange rate,"ECB reference exchange rate, Romanian leu/Euro, 2.15 pm (C.E.T.)",RON,0
EXR.D.RON.EUR.SP00.A,D,RON,EUR,SP00,A,2025-03-20,4.9769,A,F,,,P1D,,A,,,,,,,99Q1=100,"Before 1st July 2005 old Romanian leu (ROL) divided by 10,000 is used",,4,,4F0,,Romanian leu/Euro ECB reference exchange rate,"ECB reference exchange rate, Romanian leu/Euro, 2.15 pm (C.E.T.)",RON,0
EXR.D.RON.EUR.SP00.A,D,RON,EUR,SP00,A,2025-03-21,4.977,A,F,,,P1D,,A,,,,,,,99Q1=100,"Before 1st July 2005 old Romanian leu (ROL) divided by 10,000 is used",,4,,4F0,,Romanian leu/Euro ECB reference exchange rate,"ECB reference exchange rate, Romanian leu/Euro, 2.15 pm (C.E.T.)",RON,0
EXR.D.RON.EUR.SP00.A,D,RON,EUR,SP00,A,2025-03-24,4.9756,A,F,,,P1D,,A,,,,,,,99Q1=100,"Before 1st July 2005 old Romanian leu (ROL) divided by 10,000 is used",,4,,4F0,,Romanian leu/Euro ECB reference exchange rate,"ECB reference exchange rate, Romanian leu/Euro, 2.15 pm (C.E.T.)",RON,0
EXR.D.RON.EUR.SP00.A,D,RON,EUR,SP00,A,2025-03-25,4.9756,A,F,,,P1D,,A,,,,,,,99Q1=100,"Before 1st July 2005 old Romanian leu (ROL) divided by 10,000 is used",,4,,4F0,,Romanian leu/Euro ECB reference exchange rate,"ECB reference exchange rate, Romanian leu/Euro, 2.15 pm (C.E.T.)",RON,0
EXR.D.RON.EUR.SP00.A,D,RON,EUR,SP00,A,2025-03-26,4.9763,A,F,,,P1D,,A,,,,,,,99Q1=100,"Before 1st July 2005 old Romanian leu (ROL) divided by 10,000 is used",,4,,4F0,,Romanian leu/Euro ECB reference exchange rate,"ECB reference exchange rate, Romanian leu/Euro, 2.15 pm (C.E.T.)",RON,0
EXR.D.RON.EUR.SP00.A,D,RON,EUR,SP00,A,2025-03-27,4.9773,A,F,,,P1D,,A,,,,,,,99Q1=100,"Before 1st July 2005 old Romanian leu (ROL) divided by 10,000 is used",,4,,4F0,,Romanian leu/Euro ECB reference exchange rate,"ECB reference exchange rate, Romanian leu/Euro, 2.15 pm (C.E.T.)",RON,0
EXR.D.RON.EUR.SP00.A,D,RON,EUR,SP00,A,2025-03-28,4.9774,A,F,,,P1D,,A,,,,,,,99Q1=100,"Before 1st July 2005 old Romanian leu (ROL) divided by 10,000 is used",,4,,4F0,,Romanian leu/Euro ECB reference exchange rate,"ECB reference exchange rate, Romanian leu/Euro, 2.15 pm (C.E.T.)",RON,0
EXR.D.RON.EUR.SP00.A,D,RON,EUR,SP00,A,2025-03-31,4.9771,A,F,,,P1D,,A,,,,,,,99Q1=100,"Before 1st July 2005 old Romanian leu (ROL) divided by 10,000 is used",,4,,4F0,,Romanian leu/Euro ECB reference exchange rate,"ECB reference exchange rate, Romanian leu/Euro, 2.15 pm (C.E.T.)",RON,0
EXR.D.RON.EUR.SP00.A,D,RON,EUR,SP00,A,2025-04-01,4.9774,A,F,,,P1D,,A,,,,,,,99Q1=100,"Before 1st July 2005 old Romanian leu (ROL) divided by 10,000 is used",,4,,4F0,,Romanian leu/Euro ECB reference exchange rate,"ECB reference exchange rate, Romanian leu/Euro, 2.15 pm (C.E.T.)",RON,0
EXR.D.RON.EUR.SP00.A,D,RON,EUR,SP00,A,2025-04-02,4.9775,A,F,,,P1D,,A,,,,,,,99Q1=100,"Before 1st July 2005 old Romanian leu (ROL) divided by 10,000 is used",,4,,4F0,,Romanian leu/Euro ECB reference exchange rate,"ECB reference exchange rate, Romanian leu/Euro, 2.15 pm (C.E.T.)",RON,0
EXR.D.RON.EUR.SP00.A,D,RON,EUR,SP00,A,2025-04-03,4.9774,A,F,,,P1D,,A,,,,,,,99Q1=100,"Before 1st July 2005 old Romanian leu (ROL) divided by 10,000 is used",,4,,4F0,,Romanian leu/Euro ECB reference exchange rate,"ECB reference exchange rate, Romanian leu/Euro, 2.15 pm (C.E.T.)",RON,0
EXR.D.RON.EUR.SP00.A,D,RON,EUR,SP00,A,2025-04-04,4.9773,A,F,,,P1D,,A,,,,,,,99Q1=100,"Before 1st July 2005 old Romanian leu (ROL) divided by 10,000 is used",,4,,4F0,,Romanian leu/Euro ECB reference exchange rate,"ECB reference exchange rate, Romanian leu/Euro, 2.15 pm (C.E.T.)",RON,0
EXR.D.RON.EUR.SP00.A,D,RON,EUR,SP00,A,2025-04-07,4.9774,A,F,,,P1D,,A,,,,,,,99Q1=100,"Before 1st July 2005 old Romanian leu (ROL) divided by 10,000 is used",,4,,4F0,,Romanian leu/Euro ECB reference exchange rate,"ECB reference exchange rate, Romanian leu/Euro, 2.15 pm (C.E.T.)",RON,0
EXR.D.RON.EUR.SP00.A,D,RON,EUR,SP00,A,2025-04-08,4.9772,A,F,,,P1D,,A,,,,,,,99Q1=100,"Before 1st July 2005 old Romanian leu (ROL) divided by 10,000 is used",,4,,4F0,,Romanian leu/Euro ECB reference exchange rate,"ECB reference exchange rate, Romanian leu/Euro, 2.15 pm (C.E.T.)",RON,0
EXR.D.RON.EUR.SP00.A,D,RON,EUR,SP00,A,2025-04-09,4.9777,A,F,,,P1D,,A,,,,,,,99Q1=100,"Before 1st July 2005 old Romanian leu (ROL) divided by 10,000 is used",,4,,4F0,,Romanian leu/Euro ECB reference exchange rate,"ECB reference exchange rate, Romanian leu/Euro, 2.15 pm (C.E.T.)",RON,0
EXR.D.RON.EUR.SP00.A,D,RON,EUR,SP00,A,2025-04-10,4.9776,A,F,,,P1D,,A,,,,,,,99Q1=100,"Before 1st July 2005 old Romanian leu (ROL) divided by 10,000 is used",,4,,4F0,,Romanian leu/Euro ECB reference exchange rate,"ECB reference exchange rate, Romanian leu/Euro, 2.15 pm (C.E.T.)",RON,0
EXR.D.RON.EUR.SP00.A,D,RON,EUR,SP00,A,2025-04-11,4.9777,A,F,,,P1D,,A,,,,,,,99Q1=100,"Before 1st July 2005 old Romanian leu (ROL) divided by 10,000 is used",,4,,4F0,,Romanian leu/Euro ECB reference exchange rate,"ECB reference exchange rate, Romanian leu/Euro, 2.15 pm (C.E.T.)",RON,0
EXR.D.RON.EUR.SP00.A,D,RON,EUR,SP00,A,2025-04-14,4.9775,A,F,,,P1D,,A,,,,,,,99Q1=100,"Before 1st July 2005 old Romanian leu (ROL) divided by 10,000 is used",,4,,4F0,,Romanian leu/Euro ECB reference exchange rate,"ECB reference exchange rate, Romanian leu/Euro, 2.15 pm (C.E.T.)",RON,0
EXR.D.RON.EUR.SP00.A,D,RON,EUR,SP00,A,2025-04-15,4.9778,A,F,,,P1D,,A,,,,,,,99Q1=100,"Before 1st July 2005 old Romanian leu (ROL) divided by 10,000 is used",,4,,4F0,,Romanian leu/Euro ECB reference exchange rate,"ECB reference exchange rate, Romanian leu/Euro, 2.15 pm (C.E.T.)",RON,0
EXR.D.RON.EUR.SP00.A,D,RON,EUR,SP00,A,2025-04-16,4.9778,A,F,,,P1D,,A,,,,,,,99Q1=100,"Before 1st July 2005 old Romanian leu (ROL) divided by 10,000 is used",,4,,4F0,,Romanian leu/Euro ECB reference exchange rate,"ECB reference exchange rate, Romanian leu/Euro, 2.15 pm (C.E.T.)",RON,0
EXR.D.RON.EUR.SP00.A,D,RON,EUR,SP00,A,2025-04-17,4.9776,A,F,,,P1D,,A,,,,,,,99Q1=100,"Before 1st July 2005 old Romanian leu (ROL) divided by 10,000 is used",,4,,4F0,,Romanian leu/Euro ECB reference exchange rate,"ECB reference exchange rate, Romanian leu/Euro, 2.15 pm (C.E.T.)",RON,0
EXR.D.RON.EUR.SP00.A,D,RON,EUR,SP00,A,2025-04-22,4.9773,A,F,,,P1D,,A,,,,,,,99Q1=100,"Before 1st July 2005 old Romanian leu (ROL) divided by 10,000 is used",,4,,4F0,,Romanian leu/Euro ECB reference exchange rate,"ECB reference exchange rate, Romanian leu/Euro, 2.15 pm (C.E.T.)",RON,0
EXR.D.RON.EUR.SP00.A,D,RON,EUR,SP00,A,2025-04-23,4.9772,A,F,,,P1D,,A,,,,,,,99Q1=100,"Before 1st July 2005 old Romanian leu (ROL) divided by 10,000 is used",,4,,4F0,,Romanian leu/Euro ECB reference exchange rate,"ECB reference exchange rate, Romanian leu/Euro, 2.15 pm (C.E.T.)",RON,0
EXR.D.RON.EUR.SP00.A,D,RON,EUR,SP00,A,2025-04-24,4.9769,A,F,,,P1D,,A,,,,,,,99Q1=100,"Before 1st July 2005 old Romanian leu (ROL) divided by 10,000 is used",,4,,4F0,,Romanian leu/Euro ECB reference exchange rate,"ECB reference exchange rate, Romanian leu/Euro, 2.15 pm (C.E.T.)",RON,0
EXR.D.RON.EUR.SP00.A,D,RON,EUR,SP00,A,2025-04-25,4.9776,A,F,,,P1D,,A,,,,,,,99Q1=100,"Before 1st July 2005 old Romanian leu (ROL) divided by 10,000 is used",,4,,4F0,,Romanian leu/Euro ECB reference exchange rate,"ECB reference exchange rate, Romanian leu/Euro, 2.15 pm (C.E.T.)",RON,0
EXR.D.RON.EUR.SP00.A,D,RON,EUR,SP00,A,2025-04-28,4.9779,A,F,,,P1D,,A,,,,,,,99Q1=100,"Before 1st July 2005 old Romanian leu (ROL) divided by 10,000 is used",,4,,4F0,,Romanian leu/Euro ECB reference exchange rate,"ECB reference exchange rate, Romanian leu/Euro, 2.15 pm (C.E.T.)",RON,0
EXR.D.RON.EUR.SP00.A,D,RON,EUR,SP00,A,2025-04-29,4.9777,A,F,,,P1D,,A,,,,,,,99Q1=100,"Before 1st July 2005 old Romanian leu (ROL) divided by 10,000 is used",,4,,4F0,,Romanian leu/Euro ECB reference exchange rate,"ECB reference exchange rate, Romanian leu/Euro, 2.15 pm (C.E.T.)",RON,0
EXR.D.RON.EUR.SP00.A,D,RON,EUR,SP00,A,2025-04-30,4.9782,A,F,,,P1D,,A,,,,,,,99Q1=100,"Before 1st July 2005 old Romanian leu (ROL) divided by 10,000 is used",,4,,4F0,,Romanian leu/Euro ECB reference exchange rate,"ECB reference exchange rate, Romanian leu/Euro, 2.15 pm (C.E.T.)",RON,0
EXR.D.RON.EUR.SP00.A,D,RON,EUR,SP00,A,2025-05-02,4.9782,A,F,,,P1D,,A,,,,,,,99Q1=100,"Before 1st July 2005 old Romanian leu (ROL) divided by 10,000 is used",,4,,4F0,,Romanian leu/Euro ECB reference exchange rate,"ECB reference exchange rate, Romanian leu/Euro, 2.15 pm (C.E.T.)",RON,0
EXR.D.RON.EUR.SP00.A,D,RON,EUR,SP00,A,2025-05-05,4.9785,A,F,,,P1D,,A,,,,,,,99Q1=100,"Before 1st July 2005 old Romanian leu (ROL) divided by 10,000 is used",,4,,4F0,,Romanian leu/Euro ECB reference exchange rate,"ECB reference exchange rate, Romanian leu/Euro, 2.15 pm (C.E.T.)",RON,0
EXR.D.RON.EUR.SP00.A,D,RON,EUR,SP00,A,2025-05-06,5.088,A,F,,,P1D,,A,,,,,,,99Q1=100,"Before 1st July 2005 old Romanian leu (ROL) divided by 10,000 is used",,4,,4F0,,Romanian leu/Euro ECB reference exchange rate,"ECB reference exchange rate, Romanian leu/Euro, 2.15 pm (C.E.T.)",RON,0
EXR.D.RON.EUR.SP00.A,D,RON,EUR,SP00,A,2025-05-07,5.109,A,F,,,P1D,,A,,,,,,,99Q1=100,"Before 1st July 2005 old Romanian leu (ROL) divided by 10,000 is used",,4,,4F0,,Romanian leu/Euro ECB reference exchange rate,"ECB reference exchange rate, Romanian leu/Euro, 2.15 pm (C.E.T.)",RON,0
EXR.D.RON.EUR.SP00.A,D,RON,EUR,SP00,A,2025-05-08,5.1188,A,F,,,P1D,,A,,,,,,,99Q1=100,"Before 1st July 2005 old Romanian leu (ROL) divided by 10,000 is used",,4,,4F0,,Romanian leu/Euro ECB reference exchange rate,"ECB reference exchange rate, Romanian leu/Euro, 2.15 pm (C.E.T.)",RON,0
EXR.D.RON.EUR.SP00.A,D,RON,EUR,SP00,A,2025-05-09,5.1181,A,F,,,P1D,,A,,,,,,,99Q1=100,"Before 1st July 2005 old Romanian leu (ROL) divided by 10,000 is used",,4,,4F0,,Romanian leu/Euro ECB reference exchange rate,"ECB reference exchange rate, Romanian leu/Euro, 2.15 pm (C.E.T.)",RON,0
EXR.D.RON.EUR.SP00.A,D,RON,EUR,SP00,A,2025-05-12,5.1021,A,F,,,P1D,,A,,,,,,,99Q1=100,"Before 1st July 2005 old Romanian leu (ROL) divided by 10,000 is used",,4,,4F0,,Romanian leu/Euro ECB reference exchange rate,"ECB reference exchange rate, Romanian leu/Euro, 2.15 pm (C.E.T.)",RON,0
EXR.D.RON.EUR.SP00.A,D,RON,EUR,SP00,A,2025-05-13,5.103,A,F,,,P1D,,A,,,,,,,99Q1=100,"Before 1st July 2005 old Romanian leu (ROL) divided by 10,000 is used",,4,,4F0,,Romanian leu/Euro ECB reference exchange rate,"ECB reference exchange rate, Romanian leu/Euro, 2.15 pm (C.E.T.)",RON,0
EXR.D.RON.EUR.SP00.A,D,RON,EUR,SP00,A,2025-05-14,5.1043,A,F,,,P1D,,A,,,,,,,99Q1=100,"Before 1st July 2005 old Romanian leu (ROL) divided by 10,000 is used",,4,,4F0,,Romanian leu/Euro ECB reference exchange rate,"ECB reference exchange rate, Romanian leu/Euro, 2.15 pm (C.E.T.)",RON,0
EXR.D.RON.EUR.SP00.A,D,RON,EUR,SP00,A,2025-05-15,5.1051,A,F,,,P1D,,A,,,,,,,99Q1=100,"Before 1st July 2005 old Romanian leu (ROL) divided by 10,000 is used",,4,,4F0,,Romanian leu/Euro ECB reference exchange rate,"ECB reference exchange rate, Romanian leu/Euro, 2.15 pm (C.E.T.)",RON,0
EXR.D.RON.EUR.SP00.A,D,RON,EUR,SP00,A,2025-05-16,5.1041,A,F,,,P1D,,A,,,,,,,99Q1=100,"Before 1st July 2005 old Romanian leu (ROL) divided by 10,000 is used",,4,,4F0,,Romanian leu/Euro ECB reference exchange rate,"ECB reference exchange rate, Romanian leu/Euro, 2.15 pm (C.E.T.)",RON,0
EXR.D.RON.EUR.SP00.A,D,RON,EUR,SP00,A,2025-05-19,5.0413,A,F,,,P1D,,A,,,,,,,99Q1=100,"Before 1st July 2005 old Romanian leu (ROL) divided by 10,000 is used",,4,,4F0,,Romanian leu/Euro ECB reference exchange rate,"ECB reference exchange rate, Romanian leu/Euro, 2.15 pm (C.E.T.)",RON,0
EXR.D.RON.EUR.SP00.A,D,RON,EUR,SP00,A,2025-05-20,5.0733,A,F,,,P1D,,A,,,,,,,99Q1=100,"Before 1st July 2005 old Romanian leu (ROL) divided by 10,000 is used",,4,,4F0,,Romanian leu/Euro ECB reference exchange rate,"ECB reference exchange rate, Romanian leu/Euro, 2.15 pm (C.E.T.)",RON,0
EXR.D.RON.EUR.SP00.A,D,RON,EUR,SP00,A,2025-05-21,5.0709,A,F,,,P1D,,A,,,,,,,99Q1=100,"Before 1st July 2005 old Romanian leu (ROL) divided by 10,000 is used",,4,,4F0,,Romanian leu/Euro ECB reference exchange rate,"ECB reference exchange rate, Romanian leu/Euro, 2.15 pm (C.E.T.)",RON,0
EXR.D.RON.EUR.SP00.A,D,RON,EUR,SP00,A,2025-05-22,5.0581,A,F,,,P1D,,A,,,,,,,99Q1=100,"Before 1st July 2005 old Romanian leu (ROL) divided by 10,000 is used",,4,,4F0,,Romanian leu/Euro ECB reference exchange rate,"ECB reference exchange rate, Romanian leu/Euro, 2.15 pm (C.E.T.)",RON,0
EXR.D.RON.EUR.SP00.A,D,RON,EUR,SP00,A,2025-05-23,5.0517,A,F,,,P1D,,A,,,,,,,99Q1=100,"Before 1st July 2005 old Romanian leu (ROL) divided by 10,000 is used",,4,,4F0,,Romanian leu/Euro ECB reference exchange rate,"ECB reference exchange rate, Romanian leu/Euro, 2.15 pm (C.E.T.)",RON,0
EXR.D.RON.EUR.SP00.A,D,RON,EUR,SP00,A,2025-05-26,5.0624,A,F,,,P1D,,A,,,,,,,99Q1=100,"Before 1st July 2005 old Romanian leu (ROL) divided by 10,000 is used",,4,,4F0,,Romanian leu/Euro ECB reference exchange rate,"ECB reference exchange rate, Romanian leu/Euro, 2.15 pm (C.E.T.)",RON,0
EXR.D.RON.EUR.SP00.A,D,RON,EUR,SP00,A,2025-05-27,5.0608,A,F,,,P1D,,A,,,,,,,99Q1=100,"Before 1st July 2005 old Romanian leu (ROL) divided by 10,000 is used",,4,,4F0,,Romanian leu/Euro ECB reference exchange rate,"ECB reference exchange rate, Romanian leu/Euro, 2.15 pm (C.E.T.)",RON,0
EXR.D.RON.EUR.SP00.A,D,RON,EUR,SP00,A,2025-05-28,5.0511,A,F,,,P1D,,A,,,,,,,99Q1=100,"Before 1st July 2005 old Romanian leu (ROL) divided by 10,000 is used",,4,,4F0,,Romanian leu/Euro ECB reference exchange rate,"ECB reference exchange rate, Romanian leu/Euro, 2.15 pm (C.E.T.)",RON,0
EXR.D.RON.EUR.SP00.A,D,RON,EUR,SP00,A,2025-05-29,5.0599,A,F,,,P1D,,A,,,,,,,99Q1=100,"Before 1st July 2005 old Romanian leu (ROL) divided by 10,000 is used",,4,,4F0,,Romanian leu/Euro ECB reference exchange rate,"ECB reference exchange rate, Romanian leu/Euro, 2.15 pm (C.E.T.)",RON,0
EXR.D.RON.EUR.SP00.A,D,RON,EUR,SP00,A,2025-05-30,5.0612,A,F,,,P1D,,A,,,,,,,99Q1=100,"Before 1st July 2005 old Romanian leu (ROL) divided by 10,000 is used",,4,,4F0,,Romanian leu/Euro ECB reference exchange rate,"ECB reference exchange rate, Romanian leu/Euro, 2.15 pm (C.E.T.)",RON,0
EXR.D.RON.EUR.SP00.A,D,RON,EUR,SP00,A,2025-06-02,5.0547,A,F,,,P1D,,A,,,,,,,99Q1=100,"Before 1st July 2005 old Romanian leu (ROL) divided by 10,000 is used",,4,,4F0,,Romanian leu/Euro ECB reference exchange rate,"ECB reference exchange rate, Romanian leu/Euro, 2.15 pm (C.E.T.)",RON,0
EXR.D.RON.EUR.SP00.A,D,RON,EUR,SP00,A,2025-06-03,5.0588,A,F,,,P1D,,A,,,,,,,99Q1=100,"Before 1st July 2005 old Romanian leu (ROL) divided by 10,000 is used",,4,,4F0,,Romanian leu/Euro ECB reference exchange rate,"ECB reference exchange rate, Romanian leu/Euro, 2.15 pm (C.E.T.)",RON,0
EXR.D.RON.EUR.SP00.A,D,RON,EUR,SP00,A,2025-06-04,5.053,A,F,,,P1D,,A,,,,,,,99Q1=100,"Before 1st July 2005 old Romanian leu (ROL) divided by 10,000 is used",,4,,4F0,,Romanian leu/Euro ECB reference exchange rate,"ECB reference exchange rate, Romanian leu/Euro, 2.15 pm (C.E.T.)",RON,0
EXR.D.RON.EUR.SP00.A,D,RON,EUR,SP00,A,2025-06-05,5.0505,A,F,,,P1D,,A,,,,,,,99Q1=100,"Before 1st July 2005 old Romanian leu (ROL) divided by 10,000 is used",,4,,4F0,,Romanian leu/Euro ECB reference exchange rate,"ECB reference exchange rate, Romanian leu/Euro, 2.15 pm (C.E.T.)",RON,0
EXR.D.RON.EUR.SP00.A,D,RON,EUR,SP00,A,2025-06-06,5.0452,A,F,,,P1D,,A,,,,,,,99Q1=100,"Before 1st July 2005 old Romanian leu (ROL) divided by 10,000 is used",,4,,4F0,,Romanian leu/Euro ECB reference exchange rate,"ECB reference exchange rate, Romanian leu/Euro, 2.15 pm (C.E.T.)",RON,0
EXR.D.RON.EUR.SP00.A,D,RON,EUR,SP00,A,2025-06-09,5.0405,A,F,,,P1D,,A,,,,,,,99Q1=100,"Before 1st July 2005 old Romanian leu (ROL) divided by 10,000 is used",,4,,4F0,,Romanian leu/Euro ECB reference exchange rate,"ECB reference exchange rate, Romanian leu/Euro, 2.15 pm (C.E.T.)",RON,0
EXR.D.RON.EUR.SP00.A,D,RON,EUR,SP00,A,2025-06-10,5.0353,A,F,,,P1D,,A,,,,,,,99Q1=100,"Before 1st July 2005 old Romanian leu (ROL) divided by 10,000 is used",,4,,4F0,,Romanian leu/Euro ECB reference exchange rate,"ECB reference exchange rate, Romanian leu/Euro, 2.15 pm (C.E.T.)",RON,0
EXR.D.RON.EUR.SP00.A,D,RON,EUR,SP00,A,2025-06-11,5.0273,A,F,,,P1D,,A,,,,,,,99Q1=100,"Before 1st July 2005 old Romanian leu (ROL) divided by 10,000 is used",,4,,4F0,,Romanian leu/Euro ECB reference exchange rate,"ECB reference exchange rate, Romanian leu/Euro, 2.15 pm (C.E.T.)",RON,0
EXR.D.RON.EUR.SP00.A,D,RON,EUR,SP00,A,2025-06-12,5.028,A,F,,,P1D,,A,,,,,,,99Q1=100,"Before 1st July 2005 old Romanian leu (ROL) divided by 10,000 is used",,4,,4F0,,Romanian leu/Euro ECB reference exchange rate,"ECB reference exchange rate, Romanian leu/Euro, 2.15 pm (C.E.T.)",RON,0
EXR.D.RON.EUR.SP00.A,D,RON,EUR,SP00,A,2025-06-13,5.033,A,F,,,P1D,,A,,,,,,,99Q1=100,"Before 1st July 2005 old Romanian leu (ROL) divided by 10,000 is used",,4,,4F0,,Romanian leu/Euro ECB reference exchange rate,"ECB reference exchange rate, Romanian leu/Euro, 2.15 pm (C.E.T.)",RON,0
EXR.D.RON.EUR.SP00.A,D,RON,EUR,SP00,A,2025-06-16,5.025,A,F,,,P1D,,A,,,,,,,99Q1=100,"Before 1st July 2005 old Romanian leu (ROL) divided by 10,000 is used",,4,,4F0,,Romanian leu/Euro ECB reference exchange rate,"ECB reference exchange rate, Romanian leu/Euro, 2.15 pm (C.E.T.)",RON,0
EXR.D.RON.EUR.SP00.A,D,RON,EUR,SP00,A,2025-06-17,5.028,A,F,,,P1D,,A,,,,,,,99Q1=100,"Before 1st July 2005 old Romanian leu (ROL) divided by 10,000 is used",,4,,4F0,,Romanian leu/Euro ECB reference exchange rate,"ECB reference exchange rate, Romanian leu/Euro, 2.15 pm (C.E.T.)",RON,0
EXR.D.RON.EUR.SP00.A,D,RON,EUR,SP00,A,2025-06-18,5.0302,A,F,,,P1D,,A,,,,,,,99Q1=100,"Before 1st July 2005 old Romanian leu (ROL) divided by 10,000 is used",,4,,4F0,,Romanian leu/Euro ECB reference exchange rate,"ECB reference exchange rate, Romanian leu/Euro, 2.15 pm (C.E.T.)",RON,0
EXR.D.RON.EUR.SP00.A,D,RON,EUR,SP00,A,2025-06-19,5.0304,A,F,,,P1D,,A,,,,,,,99Q1=100,"Before 1st July 2005 old Romanian leu (ROL) divided by 10,000 is used",,4,,4F0,,Romanian leu/Euro ECB reference exchange rate,"ECB reference exchange rate, Romanian leu/Euro, 2.15 pm (C.E.T.)",RON,0
EXR.D.RON.EUR.SP00.A,D,RON,EUR,SP00,A,2025-06-20,5.0303,A,F,,,P1D,,A,,,,,,,99Q1=100,"Before 1st July 2005 old Romanian leu (ROL) divided by 10,000 is used",,4,,4F0,,Romanian leu/Euro ECB reference exchange rate,"ECB reference exchange rate, Romanian leu/Euro, 2.15 pm (C.E.T.)",RON,0
EXR.D.RON.EUR.SP00.A,D,RON,EUR,SP00,A,2025-06-23,5.0451,A,F,,,P1D,,A,,,,,,,99Q1=100,"Before 1st July 2005 old Romanian leu (ROL) divided by 10,000 is used",,4,,4F0,,Romanian leu/Euro ECB reference exchange rate,"ECB reference exchange rate, Romanian leu/Euro, 2.15 pm (C.E.T.)",RON,0
EXR.D.RON.EUR.SP00.A,D,RON,EUR,SP00,A,2025-06-24,5.0487,A,F,,,P1D,,A,,,,,,,99Q1=100,"Before 1st July 2005 old Romanian leu (ROL) divided by 10,000 is used",,4,,4F0,,Romanian leu/Euro ECB reference exchange rate,"ECB reference exchange rate, Romanian leu/Euro, 2.15 pm (C.E.T.)",RON,0
EXR.D.RON.EUR.SP00.A,D,RON,EUR,SP00,A,2025-06-25,5.0582,A,F,,,P1D,,A,,,,,,,99Q1=100,"Before 1st July 2005 old Romanian leu (ROL) divided by 10,000 is used",,4,,4F0,,Romanian leu/Euro ECB reference exchange rate,"ECB reference exchange rate, Romanian leu/Euro, 2.15 pm (C.E.T.)",RON,0
EXR.D.RON.EUR.SP00.A,D,RON,EUR,SP00,A,2025-06-26,5.0718,A,F,,,P1D,,A,,,,,,,99Q1=100,"Before 1st July 2005 old Romanian leu (ROL) divided by 10,000 is used",,4,,4F0,,Romanian leu/Euro ECB reference exchange rate,"ECB reference exchange rate, Romanian leu/Euro, 2.15 pm (C.E.T.)",RON,0
EXR.D.RON.EUR.SP00.A,D,RON,EUR,SP00,A,2025-06-27,5.0816,A,F,,,P1D,,A,,,,,,,99Q1=100,"Before 1st July 2005 old Romanian leu (ROL) divided by 10,000 is used",,4,,4F0,,Romanian leu/Euro ECB reference exchange rate,"ECB reference exchange rate, Romanian leu/Euro, 2.15 pm (C.E.T.)",RON,0
EXR.D.RON.EUR.SP00.A,D,RON,EUR,SP00,A,2025-06-30,5.0785,A,F,,,P1D,,A,,,,,,,99Q1=100,"Before 1st July 2005 old Romanian leu (ROL) divided by 10,000 is used",,4,,4F0,,Romanian leu/Euro ECB reference exchange rate,"ECB reference exchange rate, Romanian leu/Euro, 2.15 pm (C.E.T.)",RON,0
EXR.D.RON.EUR.SP00.A,D,RON,EUR,SP00,A,2025-07-01,5.0738,A,F,,,P1D,,A,,,,,,,99Q1=100,"Before 1st July 2005 old Romanian leu (ROL) divided by 10,000 is used",,4,,4F0,,Romanian leu/Euro ECB reference exchange rate,"ECB reference exchange rate, Romanian leu/Euro, 2.15 pm (C.E.T.)",RON,0
EXR.D.RON.EUR.SP00.A,D,RON,EUR,SP00,A,2025-07-02,5.0641,A,F,,,P1D,,A,,,,,,,99Q1=100,"Before 1st July 2005 old Romanian leu (ROL) divided by 10,000 is used",,4,,4F0,,Romanian leu/Euro ECB reference exchange rate,"ECB reference exchange rate, Romanian leu/Euro, 2.15 pm (C.E.T.)",RON,0
EXR.D.RON.EUR.SP00.A,D,RON,EUR,SP00,A,2025-07-03,5.0604,A,F,,,P1D,,A,,,,,,,99Q1=100,"Before 1st July 2005 old Romanian leu (ROL) divided by 10,000 is used",,4,,4F0,,Romanian leu/Euro ECB reference exchange rate,"ECB reference exchange rate, Romanian leu/Euro, 2.15 pm (C.E.T.)",RON,0
EXR.D.RON.EUR.SP00.A,D,RON,EUR,SP00,A,2025-07-04,5.0579,A,F,,,P1D,,A,,,,,,,99Q1=100,"Before 1st July 2005 old Romanian leu (ROL) divided by 10,000 is used",,4,,4F0,,Romanian leu/Euro ECB reference exchange rate,"ECB reference exchange rate, Romanian leu/Euro, 2.15 pm (C.E.T.)",RON,0
EXR.D.RON.EUR.SP00.A,D,RON,EUR,SP00,A,2025-07-07,5.0655,A,F,,,P1D,,A,,,,,,,99Q1=100,"Before 1st July 2005 old Romanian leu (ROL) divided by 10,000 is used",,4,,4F0,,Romanian leu/Euro ECB reference exchange rate,"ECB reference exchange rate, Romanian leu/Euro, 2.15 pm (C.E.T.)",RON,0
EXR.D.RON.EUR.SP00.A,D,RON,EUR,SP00,A,2025-07-08,5.0688,A,F,,,P1D,,A,,,,,,,99Q1=100,"Before 1st July 2005 old Romanian leu (ROL) divided by 10,000 is used",,4,,4F0,,Romanian leu/Euro ECB reference exchange rate,"ECB reference exchange rate, Romanian leu/Euro, 2.15 pm (C.E.T.)",RON,0
EXR.D.RON.EUR.SP00.A,D,RON,EUR,SP00,A,2025-07-09,5.0772,A,F,,,P1D,,A,,,,,,,99Q1=100,"Before 1st July 2005 old Romanian leu (ROL) divided by 10,000 is used",,4,,4F0,,Romanian leu/Euro ECB reference exchange rate,"ECB reference exchange rate, Romanian leu/Euro, 2.15 pm (C.E.T.)",RON,0
EXR.D.RON.EUR.SP00.A,D,RON,EUR,SP00,A,2025-07-10,5.0775,A,F,,,P1D,,A,,,,,,,99Q1=100,"Before 1st July 2005 old Romanian leu (ROL) divided by 10,000 is used",,4,,4F0,,Romanian leu/Euro ECB reference exchange rate,"ECB reference exchange rate, Romanian leu/Euro, 2.15 pm (C.E.T.)",RON,0
EXR.D.RON.EUR.SP00.A,D,RON,EUR,SP00,A,2025-07-11,5.0786,A,F,,,P1D,,A,,,,,,,99Q1=100,"Before 1st July 2005 old Romanian leu (ROL) divided by 10,000 is used",,4,,4F0,,Romanian leu/Euro ECB reference exchange rate,"ECB reference exchange rate, Romanian leu/Euro, 2.15 pm (C.E.T.)",RON,0
EXR.D.RON.EUR.SP00.A,D,RON,EUR,SP00,A,2025-07-14,5.0793,A,F,,,P1D,,A,,,,,,,99Q1=100,"Before 1st July 2005 old Romanian leu (ROL) divided by 10,000 is used",,4,,4F0,,Romanian leu/Euro ECB reference exchange rate,"ECB reference exchange rate, Romanian leu/Euro, 2.15 pm (C.E.T.)",RON,0
EXR.D.RON.EUR.SP00.A,D,RON,EUR,SP00,A,2025-07-15,5.0789,A,F,,,P1D,,A,,,,,,,99Q1=100,"Before 1st July 2005 old Romanian leu (ROL) divided by 10,000 is used",,4,,4F0,,Romanian leu/Euro ECB reference exchange rate,"ECB reference exchange rate, Romanian leu/Euro, 2.15 pm (C.E.T.)",RON,0
EXR.D.RON.EUR.SP00.A,D,RON,EUR,SP00,A,2025-07-16,5.073,A,F,,,P1D,,A,,,,,,,99Q1=100,"Before 1st July 2005 old Romanian leu (ROL) divided by 10,000 is used",,4,,4F0,,Romanian leu/Euro ECB reference exchange rate,"ECB reference exchange rate, Romanian leu/Euro, 2.15 pm (C.E.T.)",RON,0
EXR.D.RON.EUR.SP00.A,D,RON,EUR,SP00,A,2025-07-17,5.0734,A,F,,,P1D,,A,,,,,,,99Q1=100,"Before 1st July 2005 old Romanian leu (ROL) divided by 10,000 is used",,4,,4F0,,Romanian leu/Euro ECB reference exchange rate,"ECB reference exchange rate, Romanian leu/Euro, 2.15 pm (C.E.T.)",RON,0
EXR.D.RON.EUR.SP00.A,D,RON,EUR,SP00,A,2025-07-18,5.0728,A,F,,,P1D,,A,,,,,,,99Q1=100,"Before 1st July 2005 old Romanian leu (ROL) divided by 10,000 is used",,4,,4F0,,Romanian leu/Euro ECB reference exchange rate,"ECB reference exchange rate, Romanian leu/Euro, 2.15 pm (C.E.T.)",RON,0
EXR.D.RON.EUR.SP00.A,D,RON,EUR,SP00,A,2025-07-21,5.0697,A,F,,,P1D,,A,,,,,,,99Q1=100,"Before 1st July 2005 old Romanian leu (ROL) divided by 10,000 is used",,4,,4F0,,Romanian leu/Euro ECB reference exchange rate,"ECB reference exchange rate, Romanian leu/Euro, 2.15 pm (C.E.T.)",RON,0
EXR.D.RON.EUR.SP00.A,D,RON,EUR,SP00,A,2025-07-22,5.0699,A,F,,,P1D,,A,,,,,,,99Q1=100,"Before 1st July 2005 old Romanian leu (ROL) divided by 10,000 is used",,4,,4F0,,Romanian leu/Euro ECB reference exchange rate,"ECB reference exchange rate, Romanian leu/Euro, 2.15 pm (C.E.T.)",RON,0
EXR.D.RON.EUR.SP00.A,D,RON,EUR,SP00,A,2025-07-23,5.069,A,F,,,P1D,,A,,,,,,,99Q1=100,"Before 1st July 2005 old Romanian leu (ROL) divided by 10,000 is used",,4,,4F0,,Romanian leu/Euro ECB reference exchange rate,"ECB reference exchange rate, Romanian leu/Euro, 2.15 pm (C.E.T.)",RON,0
EXR.D.RON.EUR.SP00.A,D,RON,EUR,SP00,A,2025-07-24,5.071,A,F,,,P1D,,A,,,,,,,99Q1=100,"Before 1st July 2005 old Romanian leu (ROL) divided by 10,000 is used",,4,,4F0,,Romanian leu/Euro ECB reference exchange rate,"ECB reference exchange rate, Romanian leu/Euro, 2.15 pm (C.E.T.)",RON,0
EXR.D.RON.EUR.SP00.A,D,RON,EUR,SP00,A,2025-07-25,5.0707,A,F,,,P1D,,A,,,,,,,99Q1=100,"Before 1st July 2005 old Romanian leu (ROL) divided by 10,000 is used",,4,,4F0,,Romanian leu/Euro ECB reference exchange rate,"ECB reference exchange rate, Romanian leu/Euro, 2.15 pm (C.E.T.)",RON,0
EXR.D.RON.EUR.SP00.A,D,RON,EUR,SP00,A,2025-07-28,5.0701,A,F,,,P1D,,A,,,,,,,99Q1=100,"Before 1st July 2005 old Romanian leu (ROL) divided by 10,000 is used",,4,,4F0,,Romanian leu/Euro ECB reference exchange rate,"ECB reference exchange rate, Romanian leu/Euro, 2.15 pm (C.E.T.)",RON,0
EXR.D.RON.EUR.SP00.A,D,RON,EUR,SP00,A,2025-07-29,5.0768,A,F,,,P1D,,A,,,,,,,99Q1=100,"Before 1st July 2005 old Romanian leu (ROL) divided by 10,000 is used",,4,,4F0,,Romanian leu/Euro ECB reference exchange rate,"ECB reference exchange rate, Romanian leu/Euro, 2.15 pm (C.E.T.)",RON,0
EXR.D.RON.EUR.SP00.A,D,RON,EUR,SP00,A,2025-07-30,5.0731,A,F,,,P1D,,A,,,,,,,99Q1=100,"Before 1st July 2005 old Romanian leu (ROL) divided by 10,000 is used",,4,,4F0,,Romanian leu/Euro ECB reference exchange rate,"ECB reference exchange rate, Romanian leu/Euro, 2.15 pm (C.E.T.)",RON,0
EXR.D.RON.EUR.SP00.A,D,RON,EUR,SP00,A,2025-07-31,5.0757,A,F,,,P1D,,A,,,,,,,99Q1=100,"Before 1st July 2005 old Romanian leu (ROL) divided by 10,000 is used",,4,,4F0,,Romanian leu/Euro ECB reference exchange rate,"ECB reference exchange rate, Romanian leu/Euro, 2.15 pm (C.E.T.)",RON,0
EXR.D.RON.EUR.SP00.A,D,RON,EUR,SP00,A,2025-08-01,5.075,A,F,,,P1D,,A,,,,,,,99Q1=100,"Before 1st July 2005 old Romanian leu (ROL) divided by 10,000 is used",,4,,4F0,,Romanian leu/Euro ECB reference exchange rate,"ECB reference exchange rate, Romanian leu/Euro, 2.15 pm (C.E.T.)",RON,0
EXR.D.RON.EUR.SP00.A,D,RON,EUR,SP00,A,2025-08-04,5.0737,A,F,,,P1D,,A,,,,,,,99Q1=100,"Before 1st July 2005 old Romanian leu (ROL) divided by 10,000 is used",,4,,4F0,,Romanian leu/Euro ECB reference exchange rate,"ECB reference exchange rate, Romanian leu/Euro, 2.15 pm (C.E.T.)",RON,0
EXR.D.RON.EUR.SP00.A,D,RON,EUR,SP00,A,2025-08-05,5.0748,A,F,,,P1D,,A,,,,,,,99Q1=100,"Before 1st July 2005 old Romanian leu (ROL) divided by 10,000 is used",,4,,4F0,,Romanian leu/Euro ECB reference exchange rate,"ECB reference exchange rate, Romanian leu/Euro, 2.15 pm (C.E.T.)",RON,0
EXR.D.RON.EUR.SP00.A,D,RON,EUR,SP00,A,2025-08-06,5.0758,A,F,,,P1D,,A,,,,,,,99Q1=100,"Before 1st July 2005 old Romanian leu (ROL) divided by 10,000 is used",,4,,4F0,,Romanian leu/Euro ECB reference exchange rate,"ECB reference exchange rate, Romanian leu/Euro, 2.15 pm (C.E.T.)",RON,0
EXR.D.RON.EUR.SP00.A,D,RON,EUR,SP00,A,2025-08-07,5.0732,A,F,,,P1D,,A,,,,,,,99Q1=100,"Before 1st July 2005 old Romanian leu (ROL) divided by 10,000 is used",,4,,4F0,,Romanian leu/Euro ECB reference exchange rate,"ECB reference exchange rate, Romanian leu/Euro, 2.15 pm (C.E.T.)",RON,0
EXR.D.RON.EUR.SP00.A,D,RON,EUR,SP00,A,2025-08-08,5.0724,A,F,,,P1D,,A,,,,,,,99Q1=100,"Before 1st July 2005 old Romanian leu (ROL) divided by 10,000 is used",,4,,4F0,,Romanian leu/Euro ECB reference exchange rate,"ECB reference exchange rate, Romanian leu/Euro, 2.15 pm (C.E.T.)",RON,0
EXR.D.RON.EUR.SP00.A,D,RON,EUR,SP00,A,2025-08-11,5.064,A,F,,,P1D,,A,,,,,,,99Q1=100,"Before 1st July 2005 old Romanian leu (ROL) divided by 10,000 is used",,4,,4F0,,Romanian leu/Euro ECB reference exchange rate,"ECB reference exchange rate, Romanian leu/Euro, 2.15 pm (C.E.T.)",RON,0
EXR.D.RON.EUR.SP00.A,D,RON,EUR,SP00,A,2025-08-12,5.0649,A,F,,,P1D,,A,,,,,,,99Q1=100,"Before 1st July 2005 old Romanian leu (ROL) divided by 10,000 is used",,4,,4F0,,Romanian leu/Euro ECB reference exchange rate,"ECB reference exchange rate, Romanian leu/Euro, 2.15 pm (C.E.T.)",RON,0
EXR.D.RON.EUR.SP00.A,D,RON,EUR,SP00,A,2025-08-13,5.0631,A,F,,,P1D,,A,,,,,,,99Q1=100,"Before 1st July 2005 old Romanian leu (ROL) divided by 10,000 is used",,4,,4F0,,Romanian leu/Euro ECB reference exchange rate,"ECB reference exchange rate, Romanian leu/Euro, 2.15 pm (C.E.T.)",RON,0
EXR.D.RON.EUR.SP00.A,D,RON,EUR,SP00,A,2025-08-14,5.0636,A,F,,,P1D,,A,,,,,,,99Q1=100,"Before 1st July 2005 old Romanian leu (ROL) divided by 10,000 is used",,4,,4F0,,Romanian leu/Euro ECB reference exchange rate,"ECB reference exchange rate, Romanian leu/Euro, 2.15 pm (C.E.T.)",RON,0
EXR.D.RON.EUR.SP00.A,D,RON,EUR,SP00,A,2025-08-15,5.0627,A,F,,,P1D,,A,,,,,,,99Q1=100,"Before 1st July 2005 old Romanian leu (ROL) divided by 10,000 is used",,4,,4F0,,Romanian leu/Euro ECB reference exchange rate,"ECB reference exchange rate, Romanian leu/Euro, 2.15 pm (C.E.T.)",RON,0
EXR.D.RON.EUR.SP00.A,D,RON,EUR,SP00,A,2025-08-18,5.0599,A,F,,,P1D,,A,,,,,,,99Q1=100,"Before 1st July 2005 old Romanian leu (ROL) divided by 10,000 is used",,4,,4F0,,Romanian leu/Euro ECB reference exchange rate,"ECB reference exchange rate, Romanian leu/Euro, 2.15 pm (C.E.T.)",RON,0
EXR.D.RON.EUR.SP00.A,D,RON,EUR,SP00,A,2025-08-19,5.0579,A,F,,,P1D,,A,,,,,,,99Q1=100,"Before 1st July 2005 old Romanian leu (ROL) divided by 10,000 is used",,4,,4F0,,Romanian leu/Euro ECB reference exchange rate,"ECB reference exchange rate, Romanian leu/Euro, 2.15 pm (C.E.T.)",RON,0
EXR.D.RON.EUR.SP00.A,D,RON,EUR,SP00,A,2025-08-20,5.0585,A,F,,,P1D,,A,,,,,,,99Q1=100,"Before 1st July 2005 old Romanian leu (ROL) divided by 10,000 is used",,4,,4F0,,Romanian leu/Euro ECB reference exchange rate,"ECB reference exchange rate, Romanian leu/Euro, 2.15 pm (C.E.T.)",RON,0
EXR.D.RON.EUR.SP00.A,D,RON,EUR,SP00,A,2025-08-21,5.0554,A,F,,,P1D,,A,,,,,,,99Q1=100,"Before 1st July 2005 old Romanian leu (ROL) divided by 10,000 is used",,4,,4F0,,Romanian leu/Euro ECB reference exchange rate,"ECB reference exchange rate, Romanian leu/Euro, 2.15 pm (C.E.T.)",RON,0
EXR.D.RON.EUR.SP00.A,D,RON,EUR,SP00,A,2025-08-22,5.0533,A,F,,,P1D,,A,,,,,,,99Q1=100,"Before 1st July 2005 old Romanian leu (ROL) divided by 10,000 is used",,4,,4F0,,Romanian leu/Euro ECB reference exchange rate,"ECB reference exchange rate, Romanian leu/Euro, 2.15 pm (C.E.T.)",RON,0
EXR.D.RON.EUR.SP00.A,D,RON,EUR,SP00,A,2025-08-25,5.0539,A,F,,,P1D,,A,,,,,,,99Q1=100,"Before 1st July 2005 old Romanian leu (ROL) divided by 10,000 is used",,4,,4F0,,Romanian leu/Euro ECB reference exchange rate,"ECB reference exchange rate, Romanian leu/Euro, 2.15 pm (C.E.T.)",RON,0
EXR.D.RON.EUR.SP00.A,D,RON,EUR,SP00,A,2025-08-26,5.0578,A,F,,,P1D,,A,,,,,,,99Q1=100,"Before 1st July 2005 old Romanian leu (ROL) divided by 10,000 is used",,4,,4F0,,Romanian leu/Euro ECB reference exchange rate,"ECB reference exchange rate, Romanian leu/Euro, 2.15 pm (C.E.T.)",RON,0
EXR.D.RON.EUR.SP00.A,D,RON,EUR,SP00,A,2025-08-27,5.0666,A,F,,,P1D,,A,,,,,,,99Q1=100,"Before 1st July 2005 old Romanian leu (ROL) divided by 10,000 is used",,4,,4F0,,Romanian leu/Euro ECB reference exchange rate,"ECB reference exchange rate, Romanian leu/Euro, 2.15 pm (C.E.T.)",RON,0
EXR.D.RON.EUR.SP00.A,D,RON,EUR,SP00,A,2025-08-28,5.0683,A,F,,,P1D,,A,,,,,,,99Q1=100,"Before 1st July 2005 old Romanian leu (ROL) divided by 10,000 is used",,4,,4F0,,Romanian leu/Euro ECB reference exchange rate,"ECB reference exchange rate, Romanian leu/Euro, 2.15 pm (C.E.T.)",RON,0
EXR.D.RON.EUR.SP00.A,D,RON,EUR,SP00,A,2025-08-29,5.0728,A,F,,,P1D,,A,,,,,,,99Q1=100,"Before 1st July 2005 old Romanian leu (ROL) divided by 10,000 is used",,4,,4F0,,Romanian leu/Euro ECB reference exchange rate,"ECB reference exchange rate, Romanian leu/Euro, 2.15 pm (C.E.T.)",RON,0
EXR.D.RON.EUR.SP00.A,D,RON,EUR,SP00,A,2025-09-01,5.0737,A,F,,,P1D,,A,,,,,,,99Q1=100,"Before 1st July 2005 old Romanian leu (ROL) divided by 10,000 is used",,4,,4F0,,Romanian leu/Euro ECB reference exchange rate,"ECB reference exchange rate, Romanian leu/Euro, 2.15 pm (C.E.T.)",RON,0
EXR.D.RON.EUR.SP00.A,D,RON,EUR,SP00,A,2025-09-02,5.0822,A,F,,,P1D,,A,,,,,,,99Q1=100,"Before 1st July 2005 old Romanian leu (ROL) divided by 10,000 is used",,4,,4F0,,Romanian leu/Euro ECB reference exchange rate,"ECB reference exchange rate, Romanian leu/Euro, 2.15 pm (C.E.T.)",RON,0
EXR.D.RON.EUR.SP00.A,D,RON,EUR,SP00,A,2025-09-03,5.0774,A,F,,,P1D,,A,,,,,,,99Q1=100,"Before 1st July 2005 old Romanian leu (ROL) divided by 10,000 is used",,4,,4F0,,Romanian leu/Euro ECB reference exchange rate,"ECB reference exchange rate, Romanian leu/Euro, 2.15 pm (C.E.T.)",RON,0
EXR.D.RON.EUR.SP00.A,D,RON,EUR,SP00,A,2025-09-04,5.0768,A,F,,,P1D,,A,,,,,,,99Q1=100,"Before 1st July 2005 old Romanian leu (ROL) divided by 10,000 is used",,4,,4F0,,Romanian leu/Euro ECB reference exchange rate,"ECB reference exchange rate, Romanian leu/Euro, 2.15 pm (C.E.T.)",RON,0
EXR.D.RON.EUR.SP00.A,D,RON,EUR,SP00,A,2025-09-05,5.0786,A,F,,,P1D,,A,,,,,,,99Q1=100,"Before 1st July 2005 old Romanian leu (ROL) divided by 10,000 is used",,4,,4F0,,Romanian leu/Euro ECB reference exchange rate,"ECB reference exchange rate, Romanian leu/Euro, 2.15 pm (C.E.T.)",RON,0
EXR.D.RON.EUR.SP00.A,D,RON,EUR,SP00,A,2025-09-08,5.0721,A,F,,,P1D,,A,,,,,,,99Q1=100,"Before 1st July 2005 old Romanian leu (ROL) divided by 10,000 is used",,4,,4F0,,Romanian leu/Euro ECB reference exchange rate,"ECB reference exchange rate, Romanian leu/Euro, 2.15 pm (C.E.T.)",RON,0
EXR.D.RON.EUR.SP00.A,D,RON,EUR,SP00,A,2025-09-09,5.0738,A,F,,,P1D,,A,,,,,,,99Q1=100,"Before 1st July 2005 old Romanian leu (ROL) divided by 10,000 is used",,4,,4F0,,Romanian leu/Euro ECB reference exchange rate,"ECB reference exchange rate, Romanian leu/Euro, 2.15 pm (C.E.T.)",RON,0
EXR.D.RON.EUR.SP00.A,D,RON,EUR,SP00,A,2025-09-10,5.0746,A,F,,,P1D,,A,,,,,,,99Q1=100,"Before 1st July 2005 old Romanian leu (ROL) divided by 10,000 is used",,4,,4F0,,Romanian leu/Euro ECB reference exchange rate,"ECB reference exchange rate, Romanian leu/Euro, 2.15 pm (C.E.T.)",RON,0
EXR.D.RON.EUR.SP00.A,D,RON,EUR,SP00,A,2025-09-11,5.0709,A,F,,,P1D,,A,,,,,,,99Q1=100,"Before 1st July 2005 old Romanian leu (ROL) divided by 10,000 is used",,4,,4F0,,Romanian leu/Euro ECB reference exchange rate,"ECB reference exchange rate, Romanian leu/Euro, 2.15 pm (C.E.T.)",RON,0
EXR.D.RON.EUR.SP00.A,D,RON,EUR,SP00,A,2025-09-12,5.0695,A,F,,,P1D,,A,,,,,,,99Q1=100,"Before 1st July 2005 old Romanian leu (ROL) divided by 10,000 is used",,4,,4F0,,Romanian leu/Euro ECB reference exchange rate,"ECB reference exchange rate, Romanian leu/Euro, 2.15 pm (C.E.T.)",RON,0
EXR.D.RON.EUR.SP00.A,D,RON,EUR,SP00,A,2025-09-15,5.062,A,F,,,P1D,,A,,,,,,,99Q1=100,"Before 1st July 2005 old Romanian leu (ROL) divided by 10,000 is used",,4,,4F0,,Romanian leu/Euro ECB reference exchange rate,"ECB reference exchange rate, Romanian leu/Euro, 2.15 pm (C.E.T.)",RON,0
EXR.D.RON.EUR.SP00.A,D,RON,EUR,SP00,A,2025-09-16,5.0629,A,F,,,P1D,,A,,,,,,,99Q1=100,"Before 1st July 2005 old Romanian leu (ROL) divided by 10,000 is used",,4,,4F0,,Romanian leu/Euro ECB reference exchange rate,"ECB reference exchange rate, Romanian leu/Euro, 2.15 pm (C.E.T.)",RON,0
EXR.D.RON.EUR.SP00.A,D,RON,EUR,SP00,A,2025-09-17,5.0668,A,F,,,P1D,,A,,,,,,,99Q1=100,"Before 1st July 2005 old Romanian leu (ROL) divided by 10,000 is used",,4,,4F0,,Romanian leu/Euro ECB reference exchange rate,"ECB reference exchange rate, Romanian leu/Euro, 2.15 pm (C.E.T.)",RON,0
EXR.D.RON.EUR.SP00.A,D,RON,EUR,SP00,A,2025-09-18,5.069,A,F,,,P1D,,A,,,,,,,99Q1=100,"Before 1st July 2005 old Romanian leu (ROL) divided by 10,000 is used",,4,,4F0,,Romanian leu/Euro ECB reference exchange rate,"ECB reference exchange rate, Romanian leu/Euro, 2.15 pm (C.E.T.)",RON,0
EXR.D.RON.EUR.SP00.A,D,RON,EUR,SP00,A,2025-09-19,5.075,A,F,,,P1D,,A,,,,,,,99Q1=100,"Before 1st July 2005 old Romanian leu (ROL) divided by 10,000 is used",,4,,4F0,,Romanian leu/Euro ECB reference exchange rate,"ECB reference exchange rate, Romanian leu/Euro, 2.15 pm (C.E.T.)",RON,0
EXR.D.RON.EUR.SP00.A,D,RON,EUR,SP00,A,2025-09-22,5.0749,A,F,,,P1D,,A,,,,,,,99Q1=100,"Before 1st July 2005 old Romanian leu (ROL) divided by 10,000 is used",,4,,4F0,,Romanian leu/Euro ECB reference exchange rate,"ECB reference exchange rate, Romanian leu/Euro, 2.15 pm (C.E.T.)",RON,0
EXR.D.RON.EUR.SP00.A,D,RON,EUR,SP00,A,2025-09-23,5.0772,A,F,,,P1D,,A,,,,,,,99Q1=100,"Before 1st July 2005 old Romanian leu (ROL) divided by 10,000 is used",,4,,4F0,,Romanian leu/Euro ECB reference exchange rate,"ECB reference exchange rate, Romanian leu/Euro, 2.15 pm (C.E.T.)",RON,0
EXR.D.RON.EUR.SP00.A,D,RON,EUR,SP00,A,2025-09-24,5.0759,A,F,,,P1D,,A,,,,,,,99Q1=100,"Before 1st July 2005 old Romanian leu (ROL) divided by 10,000 is used",,4,,4F0,,Romanian leu/Euro ECB reference exchange rate,"ECB reference exchange rate, Romanian leu/Euro, 2.15 pm (C.E.T.)",RON,0
EXR.D.RON.EUR.SP00.A,D,RON,EUR,SP00,A,2025-09-25,5.0767,A,F,,,P1D,,A,,,,,,,99Q1=100,"Before 1st July 2005 old Romanian leu (ROL) divided by 10,000 is used",,4,,4F0,,Romanian leu/Euro ECB reference exchange rate,"ECB reference exchange rate, Romanian leu/Euro, 2.15 pm (C.E.T.)",RON,0
EXR.D.RON.EUR.SP00.A,D,RON,EUR,SP00,A,2025-09-26,5.0782,A,F,,,P1D,,A,,,,,,,99Q1=100,"Before 1st July 2005 old Romanian leu (ROL) divided by 10,000 is used",,4,,4F0,,Romanian leu/Euro ECB reference exchange rate,"ECB reference exchange rate, Romanian leu/Euro, 2.15 pm (C.E.T.)",RON,0
EXR.D.RON.EUR.SP00.A,D,RON,EUR,SP00,A,2025-09-29,5.0783,A,F,,,P1D,,A,,,,,,,99Q1=100,"Before 1st July 2005 old Romanian leu (ROL) divided by 10,000 is used",,4,,4F0,,Romanian leu/Euro ECB reference exchange rate,"ECB reference exchange rate, Romanian leu/Euro, 2.15 pm (C.E.T.)",RON,0
EXR.D.RON.EUR.SP00.A,D,RON,EUR,SP00,A,2025-09-30,5.0806,A,F,,,P1D,,A,,,,,,,99Q1=100,"Before 1st July 2005 old Romanian leu (ROL) divided by 10,000 is used",,4,,4F0,,Romanian leu/Euro ECB reference exchange rate,"ECB reference exchange rate, Romanian leu/Euro, 2.15 pm (C.E.T.)",RON,0
EXR.D.RON.EUR.SP00.A,D,RON,EUR,SP00,A,2025-10-01,5.0821,A,F,,,P1D,,A,,,,,,,99Q1=100,"Before 1st July 2005 old Romanian leu (ROL) divided by 10,000 is used",,4,,4F0,,Romanian leu/Euro ECB reference exchange rate,"ECB reference exchange rate, Romanian leu/Euro, 2.15 pm (C.E.T.)",RON,0
EXR.D.RON.EUR.SP00.A,D,RON,EUR,SP00,A,2025-10-02,5.082,A,F,,,P1D,,A,,,,,,,99Q1=100,"Before 1st July 2005 old Romanian leu (ROL) divided by 10,000 is used",,4,,4F0,,Romanian leu/Euro ECB reference exchange rate,"ECB reference exchange rate, Romanian leu/Euro, 2.15 pm (C.E.T.)",RON,0
EXR.D.RON.EUR.SP00.A,D,RON,EUR,SP00,A,2025-10-03,5.0904,A,F,,,P1D,,A,,,,,,,99Q1=100,"Before 1st July 2005 old Romanian leu (ROL) divided by 10,000 is used",,4,,4F0,,Romanian leu/Euro ECB reference exchange rate,"ECB reference exchange rate, Romanian leu/Euro, 2.15 pm (C.E.T.)",RON,0
EXR.D.RON.EUR.SP00.A,D,RON,EUR,SP00,A,2025-10-06,5.0885,A,F,,,P1D,,A,,,,,,,99Q1=100,"Before 1st July 2005 old Romanian leu (ROL) divided by 10,000 is used",,4,,4F0,,Romanian leu/Euro ECB reference exchange rate,"ECB reference exchange rate, Romanian leu/Euro, 2.15 pm (C.E.T.)",RON,0
EXR.D.RON.EUR.SP00.A,D,RON,EUR,SP00,A,2025-10-07,5.0919,A,F,,,P1D,,A,,,,,,,99Q1=100,"Before 1st July 2005 old Romanian leu (ROL) divided by 10,000 is used",,4,,4F0,,Romanian leu/Euro ECB reference exchange rate,"ECB reference exchange rate, Romanian leu/Euro, 2.15 pm (C.E.T.)",RON,0
EXR.D.RON.EUR.SP00.A,D,RON,EUR,SP00,A,2025-10-08,5.0958,A,F,,,P1D,,A,,,,,,,99Q1=100,"Before 1st July 2005 old Romanian leu (ROL) divided by 10,000 is used",,4,,4F0,,Romanian leu/Euro ECB reference exchange rate,"ECB reference exchange rate, Romanian leu/Euro, 2.15 pm (C.E.T.)",RON,0
EXR.D.RON.EUR.SP00.A,D,RON,EUR,SP00,A,2025-10-09,5.0945,A,F,,,P1D,,A,,,,,,,99Q1=100,"Before 1st July 2005 old Romanian leu (ROL) divided by 10,000 is used",,4,,4F0,,Romanian leu/Euro ECB reference exchange rate,"ECB reference exchange rate, Romanian leu/Euro, 2.15 pm (C.E.T.)",RON,0
EXR.D.RON.EUR.SP00.A,D,RON,EUR,SP00,A,2025-10-10,5.0928,A,F,,,P1D,,A,,,,,,,99Q1=100,"Before 1st July 2005 old Romanian leu (ROL) divided by 10,000 is used",,4,,4F0,,Romanian leu/Euro ECB reference exchange rate,"ECB reference exchange rate, Romanian leu/Euro, 2.15 pm (C.E.T.)",RON,0
EXR.D.RON.EUR.SP00.A,D,RON,EUR,SP00,A,2025-10-13,5.0876,A,F,,,P1D,,A,,,,,,,99Q1=100,"Before 1st July 2005 old Romanian leu (ROL) divided by 10,000 is used",,4,,4F0,,Romanian leu/Euro ECB reference exchange rate,"ECB reference exchange rate, Romanian leu/Euro, 2.15 pm (C.E.T.)",RON,0
EXR.D.RON.EUR.SP00.A,D,RON,EUR,SP00,A,2025-10-14,5.0903,A,F,,,P1D,,A,,,,,,,99Q1=100,"Before 1st July 2005 old Romanian leu (ROL) divided by 10,000 is used",,4,,4F0,,Romanian leu/Euro ECB reference exchange rate,"ECB reference exchange rate, Romanian leu/Euro, 2.15 pm (C.E.T.)",RON,0
EXR.D.RON.EUR.SP00.A,D,RON,EUR,SP00,A,2025-10-15,5.089,A,F,,,P1D,,A,,,,,,,99Q1=100,"Before 1st July 2005 old Romanian leu (ROL) divided by 10,000 is used",,4,,4F0,,Romanian leu/Euro ECB reference exchange rate,"ECB reference exchange rate, Romanian leu/Euro, 2.15 pm (C.E.T.)",RON,0
EXR.D.RON.EUR.SP00.A,D,RON,EUR,SP00,A,2025-10-16,5.0876,A,F,,,P1D,,A,,,,,,,99Q1=100,"Before 1st July 2005 old Romanian leu (ROL) divided by 10,000 is used",,4,,4F0,,Romanian leu/Euro ECB reference exchange rate,"ECB reference exchange rate, Romanian leu/Euro, 2.15 pm (C.E.T.)",RON,0
EXR.D.RON.EUR.SP00.A,D,RON,EUR,SP00,A,2025-10-17,5.0887,A,F,,,P1D,,A,,,,,,,99Q1=100,"Before 1st July 2005 old Romanian leu (ROL) divided by 10,000 is used",,4,,4F0,,Romanian leu/Euro ECB reference exchange rate,"ECB reference exchange rate, Romanian leu/Euro, 2.15 pm (C.E.T.)",RON,0
EXR.D.RON.EUR.SP00.A,D,RON,EUR,SP00,A,2025-10-20,5.0885,A,F,,,P1D,,A,,,,,,,99Q1=100,"Before 1st July 2005 old Romanian leu (ROL) divided by 10,000 is used",,4,,4F0,,Romanian leu/Euro ECB reference exchange rate,"ECB reference exchange rate, Romanian leu/Euro, 2.15 pm (C.E.T.)",RON,0
EXR.D.RON.EUR.SP00.A,D,RON,EUR,SP00,A,2025-10-21,5.0838,A,F,,,P1D,,A,,,,,,,99Q1=100,"Before 1st July 2005 old Romanian leu (ROL) divided by 10,000 is used",,4,,4F0,,Romanian leu/Euro ECB reference exchange rate,"ECB reference exchange rate, Romanian leu/Euro, 2.15 pm (C.E.T.)",RON,0
EXR.D.RON.EUR.SP00.A,D,RON,EUR,SP00,A,2025-10-22,5.0831,A,F,,,P1D,,A,,,,,,,99Q1=100,"Before 1st July 2005 old Romanian leu (ROL) divided by 10,000 is used",,4,,4F0,,Romanian leu/Euro ECB reference exchange rate,"ECB reference exchange rate, Romanian leu/Euro, 2.15 pm (C.E.T.)",RON,0
EXR.D.RON.EUR.SP00.A,D,RON,EUR,SP00,A,2025-10-23,5.0823,A,F,,,P1D,,A,,,,,,,99Q1=100,"Before 1st July 2005 old Romanian leu (ROL) divided by 10,000 is used",,4,,4F0,,Romanian leu/Euro ECB reference exchange rate,"ECB reference exchange rate, Romanian leu/Euro, 2.15 pm (C.E.T.)",RON,0
EXR.D.RON.EUR.SP00.A,D,RON,EUR,SP00,A,2025-10-24,5.0834,A,F,,,P1D,,A,,,,,,,99Q1=100,"Before 1st July 2005 old Romanian leu (ROL) divided by 10,000 is used",,4,,4F0,,Romanian leu/Euro ECB reference exchange rate,"ECB reference exchange rate, Romanian leu/Euro, 2.15 pm (C.E.T.)",RON,0
EXR.D.RON.EUR.SP00.A,D,RON,EUR,SP00,A,2025-10-27,5.084,A,F,,,P1D,,A,,,,,,,99Q1=100,"Before 1st July 2005 old Romanian leu (ROL) divided by 10,000 is used",,4,,4F0,,Romanian leu/Euro ECB reference exchange rate,"ECB reference exchange rate, Romanian leu/Euro, 2.15 pm (C.E.T.)",RON,0
EXR.D.RON.EUR.SP00.A,D,RON,EUR,SP00,A,2025-10-28,5.0835,A,F,,,P1D,,A,,,,,,,99Q1=100,"Before 1st July 2005 old Romanian leu (ROL) divided by 10,000 is used",,4,,4F0,,Romanian leu/Euro ECB reference exchange rate,"ECB reference exchange rate, Romanian leu/Euro, 2.15 pm (C.E.T.)",RON,0
EXR.D.RON.EUR.SP00.A,D,RON,EUR,SP00,A,2025-10-29,5.0841,A,F,,,P1D,,A,,,,,,,99Q1=100,"Before 1st July 2005 old Romanian leu (ROL) divided by 10,000 is used",,4,,4F0,,Romanian leu/Euro ECB reference exchange rate,"ECB reference exchange rate, Romanian leu/Euro, 2.15 pm (C.E.T.)",RON,0
EXR.D.RON.EUR.SP00.A,D,RON,EUR,SP00,A,2025-10-30,5.0855,A,F,,,P1D,,A,,,,,,,99Q1=100,"Before 1st July 2005 old Romanian leu (ROL) divided by 10,000 is used",,4,,4F0,,Romanian leu/Euro ECB reference exchange rate,"ECB reference exchange rate, Romanian leu/Euro, 2.15 pm (C.E.T.)",RON,0
EXR.D.RON.EUR.SP00.A,D,RON,EUR,SP00,A,2025-10-31,5.0858,A,F,,,P1D,,A,,,,,,,99Q1=100,"Before 1st July 2005 old Romanian leu (ROL) divided by 10,000 is used",,4,,4F0,,Romanian leu/Euro ECB reference exchange rate,"ECB reference exchange rate, Romanian leu/Euro, 2.15 pm (C.E.T.)",RON,0
EXR.D.RON.EUR.SP00.A,D,RON,EUR,SP00,A,2025-11-03,5.0856,A,F,,,P1D,,A,,,,,,,99Q1=100,"Before 1st July 2005 old Romanian leu (ROL) divided by 10,000 is used",,4,,4F0,,Romanian leu/Euro ECB reference exchange rate,"ECB reference exchange rate, Romanian leu/Euro, 2.15 pm (C.E.T.)",RON,0
EXR.D.RON.EUR.SP00.A,D,RON,EUR,SP00,A,2025-11-04,5.0861,A,F,,,P1D,,A,,,,,,,99Q1=100,"Before 1st July 2005 old Romanian leu (ROL) divided by 10,000 is used",,4,,4F0,,Romanian leu/Euro ECB reference exchange rate,"ECB reference exchange rate, Romanian leu/Euro, 2.15 pm (C.E.T.)",RON,0
EXR.D.RON.EUR.SP00.A,D,RON,EUR,SP00,A,2025-11-05,5.0853,A,F,,,P1D,,A,,,,,,,99Q1=100,"Before 1st July 2005 old Romanian leu (ROL) divided by 10,000 is used",,4,,4F0,,Romanian leu/Euro ECB reference exchange rate,"ECB reference exchange rate, Romanian leu/Euro, 2.15 pm (C.E.T.)",RON,0
EXR.D.RON.EUR.SP00.A,D,RON,EUR,SP00,A,2025-11-06,5.085,A,F,,,P1D,,A,,,,,,,99Q1=100,"Before 1st July 2005 old Romanian leu (ROL) divided by 10,000 is used",,4,,4F0,,Romanian leu/Euro ECB reference exchange rate,"ECB reference exchange rate, Romanian leu/Euro, 2.15 pm (C.E.T.)",RON,0
EXR.D.RON.EUR.SP00.A,D,RON,EUR,SP00,A,2025-11-07,5.0855,A,F,,,P1D,,A,,,,,,,99Q1=100,"Before 1st July 2005 old Romanian leu (ROL) divided by 10,000 is used",,4,,4F0,,Romanian leu/Euro ECB reference exchange rate,"ECB reference exchange rate, Romanian leu/Euro, 2.15 pm (C.E.T.)",RON,0
EXR.D.RON.EUR.SP00.A,D,RON,EUR,SP00,A,2025-11-10,5.0852,A,F,,,P1D,,A,,,,,,,99Q1=100,"Before 1st July 2005 old Romanian leu (ROL) divided by 10,000 is used",,4,,4F0,,Romanian leu/Euro ECB reference exchange rate,"ECB reference exchange rate, Romanian leu/Euro, 2.15 pm (C.E.T.)",RON,0
EXR.D.RON.EUR.SP00.A,D,RON,EUR,SP00,A,2025-11-11,5.084,A,F,,,P1D,,A,,,,,,,99Q1=100,"Before 1st July 2005 old Romanian leu (ROL) divided by 10,000 is used",,4,,4F0,,Romanian leu/Euro ECB reference exchange rate,"ECB reference exchange rate, Romanian leu/Euro, 2.15 pm (C.E.T.)",RON,0
EXR.D.RON.EUR.SP00.A,D,RON,EUR,SP00,A,2025-11-12,5.0837,A,F,,,P1D,,A,,,,,,,99Q1=100,"Before 1st July 2005 old Romanian leu (ROL) divided by 10,000 is used",,4,,4F0,,Romanian leu/Euro ECB reference exchange rate,"ECB reference exchange rate, Romanian leu/Euro, 2.15 pm (C.E.T.)",RON,0
EXR.D.RON.EUR.SP00.A,D,RON,EUR,SP00,A,2025-11-13,5.0837,A,F,,,P1D,,A,,,,,,,99Q1=100,"Before 1st July 2005 old Romanian leu (ROL) divided by 10,000 is used",,4,,4F0,,Romanian leu/Euro ECB reference exchange rate,"ECB reference exchange rate, Romanian leu/Euro, 2.15 pm (C.E.T.)",RON,0
EXR.D.RON.EUR.SP00.A,D,RON,EUR,SP00,A,2025-11-14,5.0851,A,F,,,P1D,,A,,,,,,,99Q1=100,"Before 1st July 2005 old Romanian leu (ROL) divided by 10,000 is used",,4,,4F0,,Romanian leu/Euro ECB reference exchange rate,"ECB reference exchange rate, Romanian leu/Euro, 2.15 pm (C.E.T.)",RON,0
EXR.D.RON.EUR.SP00.A,D,RON,EUR,SP00,A,2025-11-17,5.084,A,F,,,P1D,,A,,,,,,,99Q1=100,"Before 1st July 2005 old Romanian leu (ROL) divided by 10,000 is used",,4,,4F0,,Romanian leu/Euro ECB reference exchange rate,"ECB reference exchange rate, Romanian leu/Euro, 2.15 pm (C.E.T.)",RON,0
EXR.D.RON.EUR.SP00.A,D,RON,EUR,SP00,A,2025-11-18,5.087,A,F,,,P1D,,A,,,,,,,99Q1=100,"Before 1st July 2005 old Romanian leu (ROL) divided by 10,000 is used",,4,,4F0,,Romanian leu/Euro ECB reference exchange rate,"ECB reference exchange rate, Romanian leu/Euro, 2.15 pm (C.E.T.)",RON,0
EXR.D.RON.EUR.SP00.A,D,RON,EUR,SP00,A,2025-11-19,5.0879,A,F,,,P1D,,A,,,,,,,99Q1=100,"Before 1st July 2005 old Romanian leu (ROL) divided by 10,000 is used",,4,,4F0,,Romanian leu/Euro ECB reference exchange rate,"ECB reference exchange rate, Romanian leu/Euro, 2.15 pm (C.E.T.)",RON,0
EXR.D.RON.EUR.SP00.A,D,RON,EUR,SP00,A,2025-11-20,5.0887,A,F,,,P1D,,A,,,,,,,99Q1=100,"Before 1st July 2005 old Romanian leu (ROL) divided by 10,000 is used",,4,,4F0,,Romanian leu/Euro ECB reference exchange rate,"ECB reference exchange rate, Romanian leu/Euro, 2.15 pm (C.E.T.)",RON,0
EXR.D.RON.EUR.SP00.A,D,RON,EUR,SP00,A,2025-11-21,5.0896,A,F,,,P1D,,A,,,,,,,99Q1=100,"Before 1st July 2005 old Romanian leu (ROL) divided by 10,000 is used",,4,,4F0,,Romanian leu/Euro ECB reference exchange rate,"ECB reference exchange rate, Romanian leu/Euro, 2.15 pm (C.E.T.)",RON,0
EXR.D.RON.EUR.SP00.A,D,RON,EUR,SP00,A,2025-11-24,5.0878,A,F,,,P1D,,A,,,,,,,99Q1=100,"Before 1st July 2005 old Romanian leu (ROL) divided by 10,000 is used",,4,,4F0,,Romanian leu/Euro ECB reference exchange rate,"ECB reference exchange rate, Romanian leu/Euro, 2.15 pm (C.E.T.)",RON,0
EXR.D.RON.EUR.SP00.A,D,RON,EUR,SP00,A,2025-11-25,5.0881,A,F,,,P1D,,A,,,,,,,99Q1=100,"Before 1st July 2005 old Romanian leu (ROL) divided by 10,000 is used",,4,,4F0,,Romanian leu/Euro ECB reference exchange rate,"ECB reference exchange rate, Romanian leu/Euro, 2.15 pm (C.E.T.)",RON,0
EXR.D.RON.EUR.SP00.A,D,RON,EUR,SP00,A,2025-11-26,5.0904,A,F,,,P1D,,A,,,,,,,99Q1=100,"Before 1st July 2005 old Romanian leu (ROL) divided by 10,000 is used",,4,,4F0,,Romanian leu/Euro ECB reference exchange rate,"ECB reference exchange rate, Romanian leu/Euro, 2.15 pm (C.E.T.)",RON,0
EXR.D.RON.EUR.SP00.A,D,RON,EUR,SP00,A,2025-11-27,5.0911,A,F,,,P1D,,A,,,,,,,99Q1=100,"Before 1st July 2005 old Romanian leu (ROL) divided by 10,000 is used",,4,,4F0,,Romanian leu/Euro ECB reference exchange rate,"ECB reference exchange rate, Romanian leu/Euro, 2.15 pm (C.E.T.)",RON,0
EXR.D.RON.EUR.SP00.A,D,RON,EUR,SP00,A,2025-11-28,5.0909,A,F,,,P1D,,A,,,,,,,99Q1=100,"Before 1st July 2005 old Romanian leu (ROL) divided by 10,000 is used",,4,,4F0,,Romanian leu/Euro ECB reference exchange rate,"ECB reference exchange rate, Romanian leu/Euro, 2.15 pm (C.E.T.)",RON,0
EXR.D.RON.EUR.SP00.A,D,RON,EUR,SP00,A,2025-12-01,5.0898,A,F,,,P1D,,A,,,,,,,99Q1=100,"Before 1st July 2005 old Romanian leu (ROL) divided by 10,000 is used",,4,,4F0,,Romanian leu/Euro ECB reference exchange rate,"ECB reference exchange rate, Romanian leu/Euro, 2.15 pm (C.E.T.)",RON,0
EXR.D.RON.EUR.SP00.A,D,RON,EUR,SP00,A,2025-12-02,5.0893,A,F,,,P1D,,A,,,,,,,99Q1=100,"Before 1st July 2005 old Romanian leu (ROL) divided by 10,000 is used",,4,,4F0,,Romanian leu/Euro ECB reference exchange rate,"ECB reference exchange rate, Romanian leu/Euro, 2.15 pm (C.E.T.)",RON,0
EXR.D.RON.EUR.SP00.A,D,RON,EUR,SP00,A,2025-12-03,5.0917,A,F,,,P1D,,A,,,,,,,99Q1=100,"Before 1st July 2005 old Romanian leu (ROL) divided by 10,000 is used",,4,,4F0,,Romanian leu/Euro ECB reference exchange rate,"ECB reference exchange rate, Romanian leu/Euro, 2.15 pm (C.E.T.)",RON,0
EXR.D.RON.EUR.SP00.A,D,RON,EUR,SP00,A,2025-12-04,5.0925,A,F,,,P1D,,A,,,,,,,99Q1=100,"Before 1st July 2005 old Romanian leu (ROL) divided by 10,000 is used",,4,,4F0,,Romanian leu/Euro ECB reference exchange rate,"ECB reference exchange rate, Romanian leu/Euro, 2.15 pm (C.E.T.)",RON,0
EXR.D.RON.EUR.SP00.A,D,RON,EUR,SP00,A,2025-12-05,5.0928,A,F,,,P1D,,A,,,,,,,99Q1=100,"Before 1st July 2005 old Romanian leu (ROL) divided by 10,000 is used",,4,,4F0,,Romanian leu/Euro ECB reference exchange rate,"ECB reference exchange rate, Romanian leu/Euro, 2.15 pm (C.E.T.)",RON,0
EXR.D.RON.EUR.SP00.A,D,RON,EUR,SP00,A,2025-12-08,5.0893,A,F,,,P1D,,A,,,,,,,99Q1=100,"Before 1st July 2005 old Romanian leu (ROL) divided by 10,000 is used",,4,,4F0,,Romanian leu/Euro ECB reference exchange rate,"ECB reference exchange rate, Romanian leu/Euro, 2.15 pm (C.E.T.)",RON,0
EXR.D.RON.EUR.SP00.A,D,RON,EUR,SP00,A,2025-12-09,5.0897,A,F,,,P1D,,A,,,,,,,99Q1=100,"Before 1st July 2005 old Romanian leu (ROL) divided by 10,000 is used",,4,,4F0,,Romanian leu/Euro ECB reference exchange rate,"ECB reference exchange rate, Romanian leu/Euro, 2.15 pm (C.E.T.)",RON,0
EXR.D.RON.EUR.SP00.A,D,RON,EUR,SP00,A,2025-12-10,5.0875,A,F,,,P1D,,A,,,,,,,99Q1=100,"Before 1st July 2005 old Romanian leu (ROL) divided by 10,000 is used",,4,,4F0,,Romanian leu/Euro ECB reference exchange rate,"ECB reference exchange rate, Romanian leu/Euro, 2.15 pm (C.E.T.)",RON,0
EXR.D.RON.EUR.SP00.A,D,RON,EUR,SP00,A,2025-12-11,5.0899,A,F,,,P1D,,A,,,,,,,99Q1=100,"Before 1st July 2005 old Romanian leu (ROL) divided by 10,000 is used",,4,,4F0,,Romanian leu/Euro ECB reference exchange rate,"ECB reference exchange rate, Romanian leu/Euro, 2.15 pm (C.E.T.)",RON,0
EXR.D.RON.EUR.SP00.A,D,RON,EUR,SP00,A,2025-12-12,5.0904,A,F,,,P1D,,A,,,,,,,99Q1=100,"Before 1st July 2005 old Romanian leu (ROL) divided by 10,000 is used",,4,,4F0,,Romanian leu/Euro ECB reference exchange rate,"ECB reference exchange rate, Romanian leu/Euro, 2.15 pm (C.E.T.)",RON,0
EXR.D.RON.EUR.SP00.A,D,RON,EUR,SP00,A,2025-12-15,5.0929,A,F,,,P1D,,A,,,,,,,99Q1=100,"Before 1st July 2005 old Romanian leu (ROL) divided by 10,000 is used",,4,,4F0,,Romanian leu/Euro ECB reference exchange rate,"ECB reference exchange rate, Romanian leu/Euro, 2.15 pm (C.E.T.)",RON,0
EXR.D.RON.EUR.SP00.A,D,RON,EUR,SP00,A,2025-12-16,5.0929,A,F,,,P1D,,A,,,,,,,99Q1=100,"Before 1st July 2005 old Romanian leu (ROL) divided by 10,000 is used",,4,,4F0,,Romanian leu/Euro ECB reference exchange rate,"ECB reference exchange rate, Romanian leu/Euro, 2.15 pm (C.E.T.)",RON,0
EXR.D.RON.EUR.SP00.A,D,RON,EUR,SP00,A,2025-12-17,5.0921,A,F,,,P1D,,A,,,,,,,99Q1=100,"Before 1st July 2005 old Romanian leu (ROL) divided by 10,000 is used",,4,,4F0,,Romanian leu/Euro ECB reference exchange rate,"ECB reference exchange rate, Romanian leu/Euro, 2.15 pm (C.E.T.)",RON,0
EXR.D.RON.EUR.SP00.A,D,RON,EUR,SP00,A,2025-12-18,5.0907,A,F,,,P1D,,A,,,,,,,99Q1=100,"Before 1st July 2005 old Romanian leu (ROL) divided by 10,000 is used",,4,,4F0,,Romanian leu/Euro ECB reference exchange rate,"ECB reference exchange rate, Romanian leu/Euro, 2.15 pm (C.E.T.)",RON,0
EXR.D.RON.EUR.SP00.A,D,RON,EUR,SP00,A,2025-12-19,5.0896,A,F,,,P1D,,A,,,,,,,99Q1=100,"Before 1st July 2005 old Romanian leu (ROL) divided by 10,000 is used",,4,,4F0,,Romanian leu/Euro ECB reference exchange rate,"ECB reference exchange rate, Romanian leu/Euro, 2.15 pm (C.E.T.)",RON,0
EXR.D.RON.EUR.SP00.A,D,RON,EUR,SP00,A,2025-12-22,5.088,A,F,,,P1D,,A,,,,,,,99Q1=100,"Before 1st July 2005 old Romanian leu (ROL) divided by 10,000 is used",,4,,4F0,,Romanian leu/Euro ECB reference exchange rate,"ECB reference exchange rate, Romanian leu/Euro, 2.15 pm (C.E.T.)",RON,0
EXR.D.RON.EUR.SP00.A,D,RON,EUR,SP00,A,2025-12-23,5.0894,A,F,,,P1D,,A,,,,,,,99Q1=100,"Before 1st July 2005 old Romanian leu (ROL) divided by 10,000 is used",,4,,4F0,,Romanian leu/Euro ECB reference exchange rate,"ECB reference exchange rate, Romanian leu/Euro, 2.15 pm (C.E.T.)",RON,0
EXR.D.RON.EUR.SP00.A,D,RON,EUR,SP00,A,2025-12-24,5.0899,A,F,,,P1D,,A,,,,,,,99Q1=100,"Before 1st July 2005 old Romanian leu (ROL) divided by 10,000 is used",,4,,4F0,,Romanian leu/Euro ECB reference exchange rate,"ECB reference exchange rate, Romanian leu/Euro, 2.15 pm (C.E.T.)",RON,0
EXR.D.RON.EUR.SP00.A,D,RON,EUR,SP00,A,2025-12-29,5.0947,A,F,,,P1D,,A,,,,,,,99Q1=100,"Before 1st July 2005 old Romanian leu (ROL) divided by 10,000 is used",,4,,4F0,,Romanian leu/Euro ECB reference exchange rate,"ECB reference exchange rate, Romanian leu/Euro, 2.15 pm (C.E.T.)",RON,0
EXR.D.RON.EUR.SP00.A,D,RON,EUR,SP00,A,2025-12-30,5.0969,A,F,,,P1D,,A,,,,,,,99Q1=100,"Before 1st July 2005 old Romanian leu (ROL) divided by 10,000 is used",,4,,4F0,,Romanian leu/Euro ECB reference exchange rate,"ECB reference exchange rate, Romanian leu/Euro, 2.15 pm (C.E.T.)",RON,0
EXR.D.RON.EUR.SP00.A,D,RON,EUR,SP00,A,2025-12-31,5.0968,A,F,,,P1D,,A,,,,,,,99Q1=100,"Before 1st July 2005 old Romanian leu (ROL) divided by 10,000 is used",,4,,4F0,,Romanian leu/Euro ECB reference exchange rate,"ECB reference exchange rate, Romanian leu/Euro, 2.15 pm (C.E.T.)",RON,0
